age,Height,Weight,speed_r,YrsRunning,NumRaces,Gender_enc,DominantLeg_enc,Level_enc,label_binary,split
53,,,1.610861272,13.0,,,,0.0,1,train
51,,,2.237293773,20.0,,1.0,,0.0,1,test
255,173.1,67.6,2.12744077,2.0,,1.0,1.0,0.0,1,test
33,179.3,83.0,2.657365308,,,1.0,1.0,0.0,0,train
32,176.3,58.6,2.625088334,,,1.0,,,0,train
51,173.0,67.3,2.231839327,1.0,,0.0,1.0,0.0,1,train
50,154.6,64.5,2.223969317,30.0,,1.0,1.0,0.0,1,train
33,181.4,90.5,2.617139493,7.0,,0.0,0.0,0.0,1,train
22,172.0,69.0,2.434180335,7.0,,1.0,1.0,0.0,0,train
43,174.6,63.5,2.632129012,20.0,,0.0,0.0,0.0,1,train
22,170.0,63.0,2.724679012,8.0,4.0,1.0,0.0,0.0,0,train
33,180.0,69.0,2.988546111,10.0,,0.0,0.0,1.0,0,train
35,183.0,81.0,2.628327634,,,0.0,1.0,0.0,1,test
36,170.9,72.3,2.719210643,12.0,,0.0,1.0,1.0,1,train
20,164.0,54.0,2.725342343,7.0,,0.0,1.0,1.0,1,train
57,179.0,88.1,2.266707746,45.0,,0.0,1.0,0.0,1,train
19,178.7,65.8,2.846238928,6.0,,0.0,1.0,1.0,0,train
44,177.1,72.6,2.047513471,20.0,,1.0,1.0,0.0,1,train
19,178.3,69.0,2.9238527,3.0,,0.0,1.0,1.0,1,test
46,166.1,57.6,2.4896673,6.0,,1.0,1.0,0.0,1,train
19,172.0,62.2,2.721076546,5.0,,0.0,1.0,1.0,1,train
31,164.2,65.4,2.706179141,13.0,1.0,1.0,0.0,0.0,1,train
33,159.0,47.72727273,2.618276616,19.0,,1.0,1.0,0.0,0,train
31,171.0,87.4,2.552181925,10.0,0.0,1.0,0.0,1.0,1,train
49,182.8,81.6,2.494468506,7.0,,0.0,0.0,0.0,1,test
46,161.0,66.0,2.487417766,30.0,,0.0,0.0,0.0,1,train
38,172.7,62.1,2.27347416,4.0,,1.0,1.0,0.0,1,train
36,160.0,55.0,2.491837899,3.0,,1.0,0.0,0.0,1,train
34,172.6,62.4,2.924067956,15.0,,1.0,1.0,0.0,1,train
44,157.0,49.8,2.304185057,,,1.0,1.0,0.0,1,test
52,152.0,1564.0,2.281437388,3.0,4.0,0.0,0.0,0.0,1,train
38,176.0,74.2,2.26850343,5.0,,0.0,1.0,0.0,1,test
19,181.6,87.8,2.711603686,,,0.0,1.0,0.0,1,train
25,174.0,59.0,2.978970575,12.0,25.0,0.0,1.0,1.0,0,train
25,174.0,59.0,3.420261579,12.0,25.0,0.0,1.0,1.0,0,train
53,180.0,71.5,2.780606534,28.0,1.0,0.0,1.0,0.0,1,train
56,162.0,55.0,2.166723944,,,1.0,1.0,0.0,0,test
33,170.0,58.0,2.78187907,14.0,1.0,1.0,1.0,0.0,1,test
29,176.5,59.0,2.658241805,14.0,,1.0,1.0,0.0,1,test
30,169.0,69.2,2.835977844,15.0,,1.0,0.0,0.0,1,train
49,182.0,80.2,2.234998654,,,1.0,1.0,0.0,1,train
58,172.0,63.7,2.488002111,,,0.0,1.0,0.0,1,train
24,167.0,58.0,2.799017121,9.0,4.0,1.0,1.0,0.0,1,test
28,181.0,73.0,3.117926833,16.0,6.0,0.0,1.0,1.0,1,train
33,174.0,72.5,3.264164099,16.0,,0.0,0.0,0.0,1,train
26,161.0,65.4,2.238397905,3.0,,1.0,1.0,0.0,1,train
48,177.0,84.7,2.599726342,3.0,,0.0,1.0,0.0,1,train
25,177.0,77.7,2.774794338,16.0,,0.0,1.0,0.0,1,train
36,171.5,64.4,2.259529768,19.0,,1.0,1.0,0.0,0,train
49,159.0,57.4,2.226852337,2.0,,1.0,0.0,0.0,1,train
29,174.0,78.7,2.461414163,2.0,,0.0,1.0,0.0,0,test
28,177.0,68.9,2.534749924,,,1.0,1.0,0.0,1,train
50,180.3,79.0,2.72660646,15.0,3.0,0.0,1.0,1.0,1,train
48,153.0,59.8,2.086515909,20.0,,1.0,1.0,0.0,0,train
61,175.0,84.0,2.463598022,7.0,,0.0,1.0,0.0,1,test
37,163.0,68.5,2.448539542,2.0,,1.0,1.0,0.0,0,train
39,170.0,65.0,2.806603284,,,1.0,1.0,0.0,0,test
49,173.0,90.2,2.149632187,3.0,,1.0,1.0,0.0,1,train
45,174.0,65.7,2.748408827,24.0,,1.0,0.0,0.0,1,train
54,162.5,72.1,2.102951852,4.0,,1.0,1.0,0.0,1,train
32,167.0,55.1,2.861886661,,,1.0,1.0,0.0,1,train
32,167.0,58.1,2.713546232,2.0,,1.0,1.0,0.0,0,train
36,167.0,56.5,2.60380861,2.0,,0.0,1.0,0.0,1,test
30,167.0,62.9,2.742777366,7.0,3.0,1.0,1.0,0.0,1,train
50,164.6,64.4,2.453348792,2.0,1.0,0.0,1.0,0.0,1,train
53,177.0,67.2,2.784726231,4.0,,1.0,1.0,0.0,1,train
51,177.0,89.4,2.322904725,2.0,,0.0,1.0,0.0,1,train
41,182.0,81.9,2.717378293,10.0,,0.0,1.0,0.0,1,train
38,158.0,54.9,2.542162655,18.0,,1.0,1.0,0.0,1,test
50,172.5,64.6,2.218199575,,,1.0,1.0,0.0,1,train
47,180.0,113.0,2.504043494,3.0,,0.0,1.0,0.0,1,train
52,188.0,64.9,2.740789453,10.0,,0.0,1.0,1.0,1,train
57,170.0,74.2,1.699381387,4.0,,0.0,1.0,1.0,1,train
31,180.0,59.7,2.783856563,15.0,,0.0,1.0,0.0,1,train
39,175.0,71.8,2.645015953,1.0,,1.0,1.0,0.0,1,train
42,180.0,79.1,2.861426732,12.0,,0.0,0.0,1.0,1,train
52,175.0,63.9,2.300378515,2.0,,1.0,1.0,0.0,0,train
36,183.0,114.0,2.194775487,2.0,,0.0,1.0,0.0,1,train
63,156.0,50.1,1.85913056,,,1.0,1.0,0.0,1,train
45,156.0,60.9,2.071427928,,,1.0,1.0,0.0,1,train
36,194.0,86.9,3.092622085,,,0.0,1.0,0.0,1,train
43,174.0,69.0,2.51218623,6.0,,1.0,1.0,0.0,1,train
31,184.0,75.3,2.948796436,10.0,,1.0,1.0,0.0,1,train
49,182.0,92.6,2.700450945,4.0,,0.0,1.0,1.0,1,test
42,172.0,84.0,2.02245784,30.0,,1.0,1.0,0.0,1,test
59,185.0,95.0,2.263917457,7.0,,0.0,1.0,0.0,0,test
29,184.0,101.5,2.520798101,10.0,,0.0,1.0,0.0,1,train
25,174.0,61.9,1.807654341,2.0,,1.0,1.0,0.0,1,train
28,169.0,64.0,2.214400132,,,1.0,1.0,0.0,1,train
43,183.0,71.4,3.208191541,35.0,,0.0,1.0,1.0,1,train
48,170.0,66.0,2.692833812,25.0,,1.0,1.0,0.0,0,train
30,166.0,62.2,2.678328082,8.0,,1.0,1.0,0.0,1,test
50,175.0,88.6,2.63237494,18.0,,0.0,1.0,0.0,1,train
57,181.0,94.7,2.35272107,2.0,,0.0,1.0,0.0,0,train
38,169.0,73.5,2.602993864,15.0,,1.0,1.0,0.0,1,train
57,161.0,56.4,2.0138044,30.0,,1.0,1.0,0.0,1,train
43,170.0,61.9,2.803681793,20.0,,1.0,0.0,0.0,1,test
46,157.0,60.0,2.054428509,10.0,,1.0,1.0,0.0,1,test
41,185.0,66.9,2.930143699,30.0,,0.0,1.0,0.0,1,test
31,169.0,56.7,2.596677564,,,1.0,0.0,0.0,1,train
48,156.0,58.0,2.304791525,19.0,1.0,1.0,1.0,0.0,1,train
51,160.0,58.6,2.090276942,30.0,,1.0,1.0,0.0,1,train
39,185.0,93.0,2.982216839,5.0,,0.0,0.0,0.0,1,train
54,178.0,66.2,2.571291921,31.0,,1.0,1.0,0.0,1,train
39,158.0,55.5,2.505801784,5.0,,1.0,1.0,1.0,1,train
28,190.4,87.4,1.700852198,14.0,,0.0,1.0,0.0,1,train
31,163.0,70.5,2.369027961,4.0,,1.0,1.0,1.0,1,train
28,173.0,57.0,2.119543226,,,1.0,1.0,0.0,1,train
30,175.0,84.5,2.279683097,,,0.0,1.0,0.0,1,train
44,179.0,67.8,2.48693296,20.0,,0.0,1.0,0.0,1,test
29,184.0,83.4,2.571121472,,,0.0,1.0,0.0,1,train
23,175.0,77.1,2.396106393,10.0,,1.0,1.0,0.0,1,train
33,173.0,65.1,2.183672693,5.0,,0.0,0.0,1.0,1,train
37,179.0,81.4,2.856232682,2.0,,0.0,1.0,0.0,1,test
40,173.0,88.6,2.751697086,20.0,,0.0,1.0,0.0,1,train
52,182.0,85.2,2.34288737,10.0,,0.0,1.0,0.0,1,train
20,166.0,69.4,2.159541663,15.0,,1.0,1.0,0.0,1,train
43,163.0,64.0,2.001740701,10.0,,1.0,1.0,0.0,1,train
32,163.0,53.3,2.724909121,15.0,,1.0,1.0,0.0,1,train
51,166.0,77.3,1.921664687,4.0,,1.0,1.0,0.0,1,train
27,165.0,64.4,2.624841786,3.0,,1.0,1.0,0.0,1,train
34,171.0,56.5,3.057884217,26.0,,1.0,1.0,0.0,1,train
19,168.0,54.4,2.937986496,4.0,,1.0,0.0,1.0,1,train
39,174.0,71.9,2.001004462,,,1.0,1.0,0.0,1,train
22,175.0,59.6,2.686624372,8.0,,0.0,1.0,1.0,1,train
44,174.0,72.3,3.193953301,2.0,,0.0,1.0,1.0,1,train
28,184.0,77.6,3.165189995,,,0.0,1.0,0.0,1,train
29,166.0,54.1,2.316150044,5.0,,1.0,1.0,0.0,1,test
39,166.0,70.7,2.064227922,15.0,,1.0,1.0,0.0,1,train
49,163.0,62.7,2.454415403,15.0,,1.0,1.0,0.0,1,train
40,170.0,78.1,2.696160139,,,0.0,0.0,0.0,0,train
45,179.0,72.9,2.461544033,,,0.0,1.0,0.0,1,train
41,173.0,78.3,3.176450673,9.0,,1.0,1.0,0.0,1,train
64,178.0,90.0,2.261846096,20.0,,0.0,1.0,0.0,1,train
48,161.0,53.5,2.611021892,8.0,,1.0,1.0,0.0,1,test
45,180.0,93.5,2.631211109,2.0,,0.0,1.0,0.0,1,train
40,167.0,82.8,2.071164624,8.0,,1.0,0.0,0.0,1,test
39,158.0,54.6,2.436649384,1.0,,1.0,1.0,0.0,0,test
46,150.0,63.8,2.397476824,4.0,,1.0,1.0,0.0,1,train
50,164.0,56.1,2.405257655,2.0,,1.0,1.0,0.0,0,train
26,163.0,49.4,2.555029067,13.0,,1.0,1.0,0.0,1,train
18,173.0,84.6,2.506341025,7.0,,0.0,0.0,0.0,1,train
27,150.0,51.1,2.534555957,3.0,,1.0,0.0,0.0,1,train
42,195.0,88.5,3.587380106,8.0,,0.0,0.0,0.0,1,train
45,164.0,79.0,2.266191797,22.0,,1.0,1.0,0.0,1,train
28,170.0,71.5,2.606051659,3.0,,0.0,1.0,0.0,1,train
36,177.0,79.3,2.495625025,2.0,,0.0,1.0,0.0,0,train
51,166.0,75.4,2.261036734,30.0,,1.0,1.0,0.0,1,train
44,164.0,72.6,2.2914352,15.0,,1.0,1.0,0.0,1,train
40,152.0,60.8,1.728637456,5.0,,1.0,1.0,0.0,1,train
48,174.0,66.0,1.98688571,5.0,,1.0,1.0,0.0,1,train
27,173.0,65.8,3.471536756,8.0,,0.0,1.0,1.0,1,train
27,173.0,65.8,2.820147474,8.0,,0.0,1.0,1.0,1,train
29,175.0,73.6,2.598936528,3.0,,1.0,1.0,0.0,1,test
35,188.0,86.2,2.489044765,,,0.0,1.0,0.0,1,train
40,176.5,88.4,2.631162098,,,0.0,1.0,0.0,1,train
62,158.0,70.2,1.887056103,20.0,,1.0,1.0,0.0,1,train
41,162.0,62.0,2.739964013,2.0,,0.0,1.0,0.0,1,test
18,180.0,83.0,2.308459419,,,1.0,1.0,0.0,1,train
18,168.0,61.4,2.739447434,6.0,,1.0,1.0,0.0,1,train
49,171.0,59.4,2.56165689,20.0,,1.0,1.0,0.0,1,train
21,174.0,78.6,2.335407605,,,1.0,1.0,0.0,1,train
39,174.0,87.5,2.50891862,2.0,,0.0,1.0,0.0,1,train
47,175.0,90.8,2.280812057,,,1.0,1.0,0.0,1,test
46,167.0,59.0,1.89376203,2.0,,0.0,1.0,1.0,1,train
49,171.2,78.4,2.25885212,37.0,1.0,0.0,1.0,0.0,1,train
20,176.0,77.1,2.747228796,3.0,,0.0,0.0,0.0,1,train
39,165.0,73.3,2.256726739,2.0,,1.0,1.0,0.0,1,train
18,174.0,54.6,2.751646387,2.0,,1.0,1.0,0.0,1,train
19,174.0,54.6,2.361007151,3.0,,1.0,1.0,0.0,1,train
47,181.0,81.0,2.875072366,9.0,,0.0,1.0,0.0,0,train
56,160.0,53.3,2.32268707,10.0,,1.0,1.0,0.0,1,train
50,167.0,66.2,2.832849219,15.0,,0.0,1.0,0.0,0,train
50,167.0,66.2,2.828690925,15.0,,0.0,1.0,0.0,0,train
35,177.0,83.7,3.188125697,5.0,,0.0,1.0,0.0,1,train
30,184.0,77.5,2.924039918,1.0,,0.0,0.0,0.0,1,train
62,183.0,84.8,3.266066731,34.0,,0.0,1.0,0.0,1,test
56,166.0,105.5,1.82430949,,,1.0,0.0,0.0,1,test
45,182.0,78.4,2.774762024,6.0,,0.0,1.0,1.0,1,train
29,189.0,80.3,2.798662625,,,0.0,0.0,0.0,1,train
33,195.0,87.6,2.992616866,3.0,,0.0,1.0,1.0,1,train
37,165.0,59.7,2.037706992,1.0,,1.0,1.0,0.0,1,train
36,166.0,50.7,2.379753008,13.0,,1.0,1.0,1.0,1,train
33,158.0,56.8,2.82793267,3.0,,1.0,1.0,0.0,1,train
47,164.0,68.1,2.261340191,4.0,,1.0,1.0,1.0,1,test
62,184.0,78.8,2.512043157,30.0,,0.0,0.0,0.0,1,train
26,185.0,78.7,2.952218327,10.0,,0.0,1.0,0.0,0,train
38,183.0,85.5,3.237428522,15.0,,0.0,1.0,1.0,1,train
27,161.0,54.8,2.687623953,4.0,,1.0,1.0,0.0,1,train
27,161.0,54.8,2.700897976,5.0,,1.0,1.0,0.0,1,train
48,168.0,72.0,2.645357305,10.0,,0.0,1.0,0.0,1,test
35,184.0,83.8,2.66215442,4.0,,0.0,1.0,0.0,0,test
34,184.0,97.4,2.846604167,11.0,,0.0,1.0,0.0,1,train
58,180.0,70.0,2.722992194,,,0.0,1.0,0.0,1,train
50,181.0,86.8,2.95145314,9.0,,0.0,1.0,0.0,1,test
21,167.0,57.4,2.514954025,5.0,,1.0,1.0,0.0,1,train
52,157.0,75.6,2.022584849,1.0,,1.0,0.0,0.0,1,train
31,172.2,176.0,2.588598029,13.0,,1.0,1.0,0.0,1,train
31,172.2,176.0,2.755891859,13.0,,1.0,1.0,0.0,1,train
30,181.0,91.7,2.481646503,3.0,,0.0,1.0,0.0,1,train
57,176.0,76.7,2.590345792,40.0,,0.0,1.0,1.0,1,train
39,177.0,79.0,3.427947394,6.0,10.0,0.0,1.0,1.0,1,test
40,191.0,121.5,2.274764829,10.0,,0.0,1.0,0.0,1,train
45,176.0,74.3,2.743063068,,,0.0,1.0,0.0,1,train
29,180.0,60.8,3.035437898,15.0,,1.0,1.0,0.0,1,train
48,180.0,78.2,2.743821383,30.0,,0.0,1.0,1.0,1,train
29,175.0,60.1,3.004138346,,,1.0,1.0,0.0,1,train
54,165.0,84.8,2.984021813,9.0,,0.0,0.0,0.0,0,train
30,170.0,60.7,2.988611563,19.0,,1.0,1.0,0.0,1,train
46,168.0,56.6,2.604990534,27.0,,1.0,0.0,0.0,1,train
40,164.0,60.0,2.687203647,,,1.0,1.0,0.0,1,train
31,167.0,57.7,2.720137631,,,1.0,1.0,0.0,1,train
25,187.5,90.5,2.795367575,2.0,1.0,0.0,1.0,0.0,0,train
31,179.0,74.9,2.462135326,8.0,,0.0,0.0,0.0,1,train
55,178.0,67.2,2.891149202,41.0,,1.0,1.0,0.0,1,test
54,170.0,82.6,2.467821165,36.0,0.0,0.0,1.0,0.0,1,train
54,160.0,54.1,2.056010074,20.0,,1.0,1.0,0.0,1,test
45,165.0,63.9,2.497202935,11.0,,1.0,1.0,0.0,1,test
67,165.0,61.7,2.772750661,5.0,,0.0,1.0,1.0,1,test
51,174.0,65.1,2.161293647,18.0,,0.0,1.0,1.0,1,train
40,167.0,76.2,2.366178213,6.0,,1.0,1.0,0.0,1,train
41,183.0,92.9,2.761634928,,,0.0,1.0,1.0,0,train
34,180.0,74.8,2.817700306,5.0,,1.0,1.0,0.0,0,train
33,178.5,84.4,2.876543226,,,0.0,1.0,0.0,1,train
59,174.5,75.0,2.321691731,19.0,,1.0,1.0,0.0,1,train
26,169.0,65.5,2.531065898,7.0,,1.0,0.0,0.0,1,train
59,167.0,84.5,2.153187429,7.0,,1.0,1.0,0.0,1,test
41,167.0,85.5,1.890161312,2.0,,1.0,1.0,0.0,1,train
49,170.0,73.0,2.289530417,7.0,,1.0,1.0,0.0,0,train
29,175.0,70.0,2.394807949,12.0,,0.0,1.0,0.0,1,train
46,165.0,66.9,2.77752205,,,1.0,0.0,0.0,1,train
41,193.0,98.4,2.967349344,3.0,,0.0,1.0,0.0,1,test
32,186.0,76.7,2.856492921,7.0,,0.0,1.0,0.0,1,train
41,176.0,87.8,2.384992504,16.0,,0.0,1.0,0.0,1,train
37,167.0,73.6,2.349217641,,,1.0,1.0,0.0,1,train
33,162.0,54.9,2.368373517,,,1.0,1.0,0.0,1,train
22,176.0,80.4,2.707537997,,,0.0,1.0,0.0,1,train
57,183.0,106.9,1.877220981,10.0,,0.0,1.0,0.0,1,train
49,160.0,65.0,1.990581988,2.0,,1.0,1.0,0.0,1,test
58,175.0,80.0,2.507699709,29.0,,0.0,1.0,0.0,1,test
45,161.0,57.8,2.845116868,14.0,,1.0,1.0,0.0,0,train
36,157.5,59.8,2.503153753,,,1.0,1.0,0.0,1,train
53,175.0,69.6,3.002011394,2.0,,0.0,1.0,0.0,1,train
53,160.0,55.9,2.529294589,,,1.0,1.0,0.0,1,train
53,160.0,55.9,2.768705682,,,1.0,1.0,0.0,1,train
44,169.0,78.2,2.493182361,,,0.0,1.0,0.0,1,test
44,158.0,57.3,1.885086762,2.0,1.0,1.0,0.0,0.0,1,train
28,163.5,61.8,2.119345564,2.0,,1.0,1.0,1.0,1,train
55,175.0,77.6,2.725476459,,,0.0,1.0,0.0,1,train
52,166.0,62.8,2.597572431,12.0,,1.0,1.0,1.0,1,train
45,180.5,70.8,2.336829719,,,1.0,1.0,1.0,1,train
52,159.5,60.4,1.861505695,2.0,,1.0,1.0,0.0,1,train
31,188.0,110.3,2.52681969,13.0,,0.0,1.0,0.0,1,train
55,174.0,68.0,2.768835069,,,0.0,1.0,0.0,1,test
48,164.0,70.8,2.645923365,,,1.0,1.0,0.0,1,train
46,185.0,94.3,2.895195606,,,0.0,1.0,0.0,0,train
55,150.0,60.4,2.170321582,,,1.0,1.0,0.0,1,train
40,179.8,100.4,2.440051882,3.0,,0.0,1.0,0.0,0,test
40,160.0,51.0,1.754274372,,,1.0,1.0,0.0,1,test
25,160.0,62.0,2.413351581,,,1.0,1.0,0.0,1,train
49,165.0,80.1,1.997221195,7.0,,1.0,1.0,0.0,1,train
51,170.0,85.0,2.275058013,,,0.0,1.0,0.0,1,test
35,178.0,78.1,3.179002752,10.0,2.0,0.0,1.0,0.0,1,train
32,179.0,96.6,2.708048993,,,1.0,1.0,0.0,1,train
47,174.0,72.7,2.446460965,,,1.0,1.0,0.0,1,train
34,152.5,52.2,2.689738943,,,1.0,1.0,0.0,1,train
43,165.0,58.1,2.474118393,,,1.0,1.0,1.0,1,train
27,170.0,62.6,2.375675188,2.0,4.0,1.0,1.0,1.0,1,train
50,153.0,68.0,2.356896204,,,1.0,1.0,0.0,1,test
56,170.0,77.1,2.762465016,,,0.0,1.0,0.0,1,train
37,172.0,65.8,3.195550319,,,0.0,1.0,0.0,1,test
37,172.0,65.8,3.007088256,,,0.0,1.0,0.0,1,test
22,190.0,68.7,3.076083079,,,0.0,0.0,1.0,1,test
37,164.0,55.5,2.796162466,,,1.0,1.0,0.0,1,train
55,158.0,64.7,2.204162998,,,1.0,1.0,0.0,1,train
41,169.0,84.4,2.032691222,,,0.0,0.0,0.0,1,train
32,177.0,63.8,2.808199264,,,1.0,1.0,0.0,1,test
38,170.0,69.1,1.851199023,2.0,,0.0,1.0,0.0,1,test
48,169.0,67.7,2.573530839,,,1.0,1.0,0.0,1,train
28,179.0,75.8,2.532706704,,,0.0,1.0,0.0,1,train
26,190.0,81.0,3.073563304,,,0.0,1.0,1.0,0,test
31,158.0,58.5,2.554118086,,,1.0,1.0,0.0,1,train
24,163.0,62.7,2.521761152,,,1.0,1.0,0.0,1,train
52,151.0,64.6,2.240217395,,,1.0,1.0,1.0,1,train
40,168.0,68.9,2.499053164,,,1.0,0.0,1.0,1,train
40,168.0,68.9,2.593126743,,,1.0,0.0,1.0,1,train
27,162.5,57.7,2.346365636,2.0,,1.0,1.0,0.0,1,train
28,168.0,52.9,2.57589705,,,1.0,1.0,0.0,1,test
22,175.3,83.8,2.75489233,2.0,,0.0,1.0,0.0,1,train
42,160.0,53.3,2.426404727,,,1.0,1.0,1.0,1,train
45,169.5,79.0,1.750759759,2.0,,1.0,1.0,0.0,1,train
34,163.0,62.0,2.463500939,,,1.0,1.0,0.0,1,train
57,177.0,85.0,2.800019913,,,0.0,1.0,0.0,1,train
35,181.0,66.9,2.531144017,,,1.0,0.0,1.0,1,train
43,168.0,53.7,2.231196081,2.0,,1.0,1.0,0.0,1,train
66,161.0,69.0,1.840448279,,,1.0,1.0,0.0,1,train
38,177.7,79.5,2.088461785,14.0,,1.0,0.0,0.0,1,test
44,169.5,60.9,2.780651115,24.0,,1.0,1.0,1.0,1,train
46,180.5,71.0,2.919048642,19.0,,1.0,1.0,0.0,0,train
48,166.0,66.7,2.290253585,,,1.0,1.0,0.0,1,test
63,168.0,66.1,1.588733538,35.0,,1.0,1.0,0.0,1,train
39,159.8,51.4,1.915334369,12.0,,1.0,1.0,0.0,1,test
60,163.0,79.9,2.552999104,8.0,,0.0,1.0,0.0,1,train
57,161.0,63.2,2.328727351,,,1.0,1.0,0.0,1,train
44,158.0,62.6,2.234771963,,,1.0,1.0,0.0,0,train
61,181.0,88.4,2.145173789,,,0.0,1.0,0.0,1,train
50,157.0,53.8,2.48266954,,,1.0,1.0,0.0,0,train
19,163.0,65.0,2.355684604,,,1.0,1.0,0.0,1,test
64,176.0,89.1,2.329262171,,,0.0,1.0,1.0,1,train
40,186.5,99.7,2.436234435,,,0.0,1.0,0.0,1,test
34,189.0,86.0,2.961859263,10.0,6.0,0.0,1.0,1.0,0,train
35,189.0,86.0,3.137740449,11.0,6.0,0.0,1.0,1.0,0,train
37,175.0,60.5,2.824458868,,,1.0,1.0,1.0,0,train
40,181.5,96.2,2.728495649,,,0.0,1.0,0.0,0,test
48,173.0,58.8,2.296704708,,,1.0,1.0,0.0,1,test
49,180.0,85.8,2.702156322,,,0.0,1.0,1.0,0,train
30,173.0,87.2,2.552042348,,,0.0,1.0,0.0,0,train
60,183.0,78.0,2.900066443,34.0,,0.0,1.0,0.0,1,train
43,173.0,54.7,3.760816133,14.0,,0.0,1.0,1.0,1,train
43,173.0,54.7,3.771909685,14.0,,0.0,1.0,1.0,1,train
43,173.0,54.7,3.766173236,14.0,,0.0,1.0,1.0,1,train
43,173.0,54.7,3.744003853,14.0,,0.0,1.0,1.0,1,train
43,173.0,54.7,3.7469639,14.0,,0.0,1.0,1.0,1,train
43,183.0,85.0,2.316248009,2.0,,0.0,1.0,0.0,0,test
42,185.0,96.0,2.701121002,20.0,,0.0,1.0,0.0,1,train
35,190.0,94.0,2.158230903,14.0,1.0,1.0,1.0,0.0,1,train
35,177.0,83.3,2.111571195,11.0,4.0,0.0,1.0,0.0,1,train
39,188.0,88.5,2.268186116,24.0,,0.0,1.0,1.0,1,train
34,171.5,58.0,2.552666323,10.0,,1.0,1.0,0.0,0,train
51,180.0,68.3,2.237169102,1.0,,1.0,1.0,0.0,1,train
49,173.0,86.3,2.586575806,20.0,,0.0,1.0,0.0,1,train
40,157.5,54.2,2.481734045,5.0,2.0,1.0,1.0,1.0,0,train
47,179.2,79.5,2.521802862,3.0,,0.0,1.0,0.0,1,train
53,153.0,66.9,1.86957488,8.0,,1.0,1.0,0.0,1,train
35,187.0,90.0,2.641397279,5.0,,0.0,1.0,0.0,1,test
59,183.0,82.7,2.581428631,47.0,2.0,0.0,1.0,0.0,1,train
29,166.5,75.4,2.157478557,11.0,,1.0,1.0,0.0,1,train
45,184.0,98.5,1.690684065,2.0,,0.0,1.0,0.0,1,train
35,179.0,62.1,2.802296854,15.0,,1.0,1.0,1.0,1,train
30,173.0,73.4,2.031282968,1.0,,1.0,1.0,0.0,1,train
25,185.0,92.0,3.050000378,,,0.0,1.0,0.0,1,train
41,162.0,62.0,2.683671573,18.0,,1.0,1.0,0.0,1,test
53,178.5,82.0,2.400617642,17.0,,0.0,1.0,1.0,1,train
33,178.5,67.9,3.271644905,1.0,,0.0,1.0,0.0,1,train
49,175.0,59.5,3.181836539,6.0,,1.0,1.0,0.0,1,test
30,169.0,79.0,2.305389404,6.0,,1.0,1.0,0.0,1,train
28,170.0,65.9,2.596990886,1.0,,1.0,1.0,0.0,1,test
56,162.5,67.6,2.327740866,38.0,,1.0,1.0,0.0,1,test
25,175.0,107.6,1.731469106,2.0,,1.0,1.0,0.0,1,train
34,155.0,51.1,2.187539007,15.0,,1.0,1.0,0.0,1,train
42,167.0,57.7,3.440140076,15.0,,1.0,1.0,1.0,1,train
46,177.0,76.1,2.707959157,10.0,,0.0,1.0,0.0,0,test
27,169.0,62.3,2.315976646,5.0,,1.0,1.0,0.0,1,train
28,155.0,63.2,2.762123972,4.0,,1.0,1.0,0.0,1,train
36,188.5,83.7,2.765599103,20.0,,0.0,1.0,0.0,1,test
44,175.0,77.0,2.117409431,15.0,,1.0,1.0,1.0,1,train
41,160.0,92.4,1.945301657,,,1.0,1.0,0.0,1,train
51,165.0,55.4,1.753304218,9.0,,1.0,1.0,0.0,1,test
54,168.0,71.3,2.399817441,35.0,,0.0,1.0,0.0,1,train
18,165.0,59.4,2.549455185,9.0,,1.0,1.0,1.0,1,train
56,180.0,69.9,3.12312965,40.0,,0.0,1.0,0.0,1,train
59,164.0,55.8,2.183910147,5.0,,1.0,1.0,0.0,1,test
30,167.0,58.6,3.094154886,8.0,,0.0,1.0,1.0,1,train
37,175.0,64.2,2.64381644,5.0,,1.0,1.0,0.0,1,train
57,165.0,53.9,2.336206714,10.0,,1.0,1.0,0.0,1,train
55,168.0,64.2,1.904659283,9.0,,1.0,1.0,0.0,0,train
39,177.5,94.2,2.242134448,3.0,,1.0,1.0,0.0,1,test
42,168.0,65.2,2.121134522,25.0,,1.0,1.0,1.0,1,train
40,164.0,99.6,2.081275152,5.0,,1.0,1.0,0.0,1,test
56,167.5,67.8,1.901048689,6.0,,1.0,1.0,0.0,1,test
33,174.0,88.0,1.925003875,1.0,,0.0,1.0,0.0,1,train
37,185.0,98.0,2.230886022,,,0.0,1.0,0.0,1,train
45,187.5,98.7,3.199494883,25.0,,0.0,0.0,1.0,1,train
32,182.5,74.2,2.835534079,3.0,,0.0,1.0,1.0,1,train
40,173.0,67.1,2.977271961,3.0,,0.0,1.0,0.0,0,train
29,177.5,69.0,2.473528468,3.0,,0.0,1.0,0.0,1,train
41,170.0,69.2,2.88402243,5.0,,0.0,1.0,1.0,1,train
33,170.0,79.7,2.161088809,2.0,,1.0,1.0,0.0,1,train
31,169.0,68.5,2.096073211,5.0,,1.0,1.0,0.0,1,train
41,172.5,65.8,2.704911269,22.0,,1.0,1.0,1.0,1,train
53,160.0,66.0,2.330117215,4.0,,1.0,1.0,0.0,1,train
38,173.0,58.1,2.438908399,2.0,,1.0,1.0,0.0,1,train
62,163.0,65.4,2.034892646,25.0,,1.0,1.0,0.0,1,test
43,180.0,72.1,3.290174484,34.0,,0.0,1.0,1.0,1,train
48,168.0,66.1,2.466865232,30.0,,1.0,1.0,0.0,1,train
18,175.0,74.3,2.755261158,,,0.0,1.0,0.0,0,train
40,177.0,66.3,3.044826427,2.0,,1.0,1.0,0.0,0,test
49,158.0,61.9,1.568759687,6.0,,1.0,1.0,1.0,1,train
44,169.0,59.2,2.819801689,24.0,,1.0,1.0,0.0,1,train
30,177.0,66.2,3.329574731,8.0,,0.0,1.0,1.0,1,train
50,165.0,65.6,2.716098721,2.0,,1.0,1.0,0.0,1,train
54,173.0,82.5,1.927319181,15.0,,0.0,0.0,0.0,1,train
51,151.0,65.5,1.968256661,1.0,,1.0,0.0,0.0,1,train
30,167.0,66.3,2.117420855,3.0,,1.0,1.0,0.0,1,train
44,163.0,56.1,2.230593686,15.0,,1.0,0.0,0.0,1,train
53,168.0,61.0,2.497505212,11.0,,1.0,0.0,0.0,1,train
56,184.0,82.5,2.544274067,15.0,,0.0,0.0,1.0,1,train
42,195.0,94.3,2.762428552,17.0,,0.0,1.0,1.0,0,train
31,170.0,78.5,2.312601069,,,0.0,1.0,0.0,1,train
61,175.0,57.4,1.879141413,12.0,3.0,1.0,1.0,0.0,1,train
61,175.0,57.4,1.888098236,12.0,3.0,1.0,1.0,0.0,1,train
40,170.0,62.0,2.221707842,,2.0,1.0,1.0,0.0,0,train
51,170.0,68.4,1.996334745,1.0,,1.0,0.0,0.0,0,test
47,167.0,67.8,1.661762532,,,1.0,1.0,0.0,1,train
56,157.5,69.4,1.450138073,,,1.0,1.0,0.0,1,train
44,173.0,66.2,2.085634848,9.0,,1.0,1.0,0.0,1,test
40,165.0,62.7,2.510035013,10.0,6.0,1.0,1.0,0.0,1,train
45,160.0,54.8,2.216212799,8.0,2.0,1.0,1.0,1.0,1,train
33,180.0,82.9,3.340569931,,,0.0,1.0,0.0,1,train
33,185.0,87.3,3.285122573,5.0,,0.0,1.0,1.0,1,train
29,174.0,56.0,2.878432417,7.0,,1.0,0.0,0.0,1,train
30,177.0,68.4,2.079994101,2.0,,1.0,1.0,0.0,1,train
41,173.0,62.5,2.874939389,10.0,,1.0,1.0,1.0,1,train
33,167.0,50.8,2.38212364,,,1.0,1.0,0.0,1,train
44,182.0,85.7,2.62570766,,,0.0,1.0,0.0,0,test
46,166.0,64.6,2.520887328,20.0,4.0,1.0,1.0,0.0,1,train
61,172.0,75.6,2.687701627,37.0,,0.0,1.0,0.0,1,train
51,165.0,51.3,2.425550452,23.0,,1.0,1.0,0.0,1,test
31,182.5,85.9,2.643437436,16.0,3.0,0.0,1.0,1.0,1,train
41,182.5,69.8,3.048044833,25.0,5.0,0.0,1.0,1.0,1,train
48,173.0,77.5,2.903775165,1.0,,0.0,1.0,0.0,1,train
38,173.0,65.1,2.430839161,13.0,,1.0,1.0,0.0,1,train
31,155.0,53.1,2.393389848,8.0,,1.0,1.0,0.0,1,train
54,165.0,66.3,2.366072662,1.0,,1.0,1.0,0.0,1,test
29,164.0,48.9,2.983334858,12.0,,1.0,1.0,1.0,0,train
37,160.0,49.3,2.223881192,6.0,,1.0,1.0,0.0,1,train
59,180.0,86.4,2.73474111,26.0,,0.0,1.0,0.0,1,train
51,193.0,101.1,3.26152018,11.0,,0.0,1.0,0.0,1,test
38,166.0,56.2,2.349436937,3.0,,1.0,1.0,1.0,1,train
57,190.0,84.6,2.26181398,1.0,,0.0,1.0,0.0,1,train
49,170.0,74.5,2.479510794,10.0,,0.0,1.0,1.0,1,train
50,168.0,54.4,2.159193818,34.0,,1.0,0.0,0.0,1,test
44,174.0,82.1,2.312989496,,,0.0,1.0,0.0,1,test
44,174.0,82.1,3.163312403,,,0.0,1.0,0.0,1,test
52,177.0,93.3,1.648138128,16.0,,0.0,1.0,0.0,1,train
37,166.0,81.3,2.232258771,,,1.0,1.0,0.0,1,train
41,181.0,78.3,2.32738023,1.0,,0.0,1.0,0.0,1,train
59,188.0,101.3,1.942937471,20.0,,0.0,1.0,0.0,1,train
44,183.0,88.1,3.183207858,20.0,5.0,0.0,1.0,1.0,1,train
63,153.0,51.2,2.223755554,40.0,,1.0,1.0,0.0,0,test
42,183.0,89.6,2.563862881,6.0,,0.0,1.0,0.0,1,train
40,163.0,64.9,1.919930692,,,1.0,1.0,0.0,1,train
46,155.0,48.3,2.443196499,16.0,,1.0,1.0,1.0,1,test
34,170.0,82.4,2.418051737,2.0,,0.0,1.0,0.0,1,train
39,180.0,77.0,2.798631064,4.0,,0.0,1.0,0.0,1,train
44,162.5,52.3,2.520871185,4.0,6.0,1.0,1.0,1.0,1,test
19,160.0,59.8,2.476363183,,,1.0,1.0,0.0,1,train
42,174.0,103.7,2.306352808,20.0,,1.0,1.0,0.0,1,train
24,178.5,76.0,2.346330995,3.0,,1.0,1.0,0.0,1,train
34,163.0,59.3,2.84256065,20.0,,1.0,1.0,1.0,0,train
34,170.0,65.2,2.702247288,7.0,,1.0,1.0,0.0,1,train
43,173.0,63.7,2.405058463,,,1.0,1.0,0.0,0,train
43,165.0,69.3,2.605916091,15.0,,1.0,1.0,0.0,1,train
43,165.0,69.3,2.566760226,15.0,,1.0,1.0,0.0,1,train
44,175.0,87.7,2.745638084,,,0.0,1.0,0.0,1,train
45,178.0,72.6,2.585372405,,,1.0,1.0,0.0,1,train
42,180.0,63.1,2.802978619,,7.0,1.0,1.0,0.0,1,test
45,171.0,87.8,1.870791433,6.0,,1.0,1.0,0.0,1,train
38,175.0,69.4,2.270957277,10.0,,0.0,1.0,0.0,1,test
25,181.0,93.5,2.365562258,,,0.0,1.0,0.0,1,train
35,157.0,55.8,2.457085255,,,1.0,1.0,0.0,1,train
55,168.0,80.8,1.935949727,20.0,,1.0,1.0,0.0,1,test
43,181.0,79.3,3.219216264,32.0,,0.0,1.0,0.0,1,train
43,181.0,79.3,3.217147773,32.0,,0.0,1.0,0.0,1,train
58,171.0,79.8,2.645432425,16.0,,0.0,1.0,0.0,1,test
34,164.0,55.4,2.503788399,12.0,15.0,1.0,1.0,0.0,1,train
42,165.0,65.8,2.153605351,8.0,,1.0,1.0,1.0,1,train
20,165.0,58.9,2.286733228,6.0,,1.0,1.0,0.0,1,train
31,173.0,55.5,2.737630243,6.0,,1.0,1.0,0.0,1,train
41,178.0,69.1,3.1904969,6.0,,0.0,1.0,1.0,1,test
44,165.0,57.8,2.521284735,20.0,,1.0,1.0,0.0,1,test
38,158.0,48.2,2.49695931,15.0,,1.0,1.0,0.0,1,train
63,168.0,62.4,2.501970565,,,0.0,1.0,0.0,0,train
34,165.0,73.2,1.889989463,21.0,,1.0,1.0,0.0,1,train
44,181.0,83.9,2.467926397,5.0,,0.0,1.0,0.0,1,train
42,160.0,62.7,2.361755508,26.0,,1.0,1.0,0.0,1,train
42,160.0,62.7,2.507928925,26.0,,1.0,1.0,0.0,1,train
45,194.0,87.0,2.699119931,11.0,,0.0,1.0,1.0,1,test
35,180.0,87.9,2.571265789,21.0,,0.0,1.0,0.0,1,test
26,170.5,63.4,3.975237873,,,0.0,,,0,train
26,170.5,63.4,3.665555618,,,0.0,,,0,train
26,170.5,63.4,2.741510827,,,0.0,,,0,train
26,170.5,63.4,3.048072959,,,0.0,,,0,train
26,170.5,63.4,3.354413734,,,0.0,,,0,train
19,181.4,73.8,3.05837269,,,0.0,,,0,train
19,181.5,73.8,3.68747762,,,0.0,,,0,train
19,181.5,73.8,2.746564283,,,0.0,,,0,train
19,181.5,73.8,3.377348264,,,0.0,,,0,train
19,181.5,73.8,3.989387754,,,0.0,,,0,train
19,163.5,58.1,3.985912203,,,1.0,,,0,train
19,163.5,58.1,3.03632613,,,1.0,,,0,train
19,163.5,58.1,3.343317641,,,1.0,,,0,train
19,163.5,58.1,3.663045511,,,1.0,,,0,train
19,163.5,58.1,2.725887525,,,1.0,,,0,train
40,177.0,72.0,3.363251615,,,0.0,,,0,train
40,177.0,72.0,3.668796133,,,0.0,,,0,train
40,177.0,72.0,2.752302576,,,0.0,,,0,train
40,177.0,72.0,3.978285449,,,0.0,,,0,train
40,177.0,72.0,3.059634399,,,0.0,,,0,train
25,157.0,48.8,3.988504436,,,1.0,,,0,train
25,157.0,48.8,3.683933643,,,1.0,,,0,train
25,157.0,48.8,3.36478998,,,1.0,,,0,train
25,157.0,48.8,3.06102845,,,1.0,,,0,train
25,157.0,48.8,2.753818215,,,1.0,,,0,train
51,166.0,57.0,3.419280918,,,1.0,,,0,train
51,166.0,57.0,2.797701871,,,1.0,,,0,train
51,166.0,57.0,3.077496858,,,1.0,,,0,train
51,166.0,57.0,4.025959971,,,1.0,,,0,train
51,166.0,57.0,3.703153591,,,1.0,,,0,train
18,172.5,59.9,3.679919331,,,0.0,,,0,train
18,172.5,59.9,2.753116244,,,0.0,,,0,train
18,172.5,59.9,3.373229982,,,0.0,,,0,train
18,172.5,59.9,3.060896629,,,0.0,,,0,train
18,172.5,59.9,3.995662309,,,0.0,,,0,train
50,173.0,65.4,3.046237404,,,0.0,,,0,train
50,173.0,65.4,3.35850021,,,0.0,,,0,train
50,173.0,65.4,3.980549607,,,0.0,,,0,train
50,173.0,65.4,3.672027742,,,0.0,,,0,train
50,173.0,65.4,2.742424425,,,0.0,,,0,train
24,171.0,60.6,3.68785767,,,1.0,,,0,test
24,171.0,60.6,3.994446907,,,1.0,,,0,test
24,171.0,60.6,3.372601944,,,1.0,,,0,test
24,171.0,60.6,2.758839246,,,1.0,,,0,test
24,171.0,60.6,3.066577592,,,1.0,,,0,test
20,178.0,62.8,3.344626438,,,1.0,,,0,train
20,178.0,62.8,2.738326508,,,1.0,,,0,train
20,178.0,62.8,3.042225729,,,1.0,,,0,train
20,178.0,62.8,3.654078295,,,1.0,,,0,train
20,178.0,62.8,3.969273973,,,1.0,,,0,train
21,178.0,75.4,3.946051712,,,0.0,,,0,train
21,178.0,75.4,3.643463963,,,0.0,,,0,train
21,178.0,75.4,3.337996486,,,0.0,,,0,train
21,178.0,75.4,3.033704074,,,0.0,,,0,train
21,178.0,75.4,2.730362838,,,0.0,,,0,train
35,182.0,73.3,3.972127641,,,0.0,,,0,train
35,182.0,73.3,3.352338511,,,0.0,,,0,train
35,182.0,73.3,2.745246576,,,0.0,,,0,train
35,182.0,73.3,3.051586787,,,0.0,,,0,train
35,182.0,73.3,3.662395905,,,0.0,,,0,train
19,160.0,48.2,2.739406272,,,1.0,,,0,test
19,160.0,48.2,3.35597382,,,1.0,,,0,test
19,160.0,48.2,3.043326087,,,1.0,,,0,test
19,160.0,48.2,3.979268075,,,1.0,,,0,test
19,160.0,48.2,3.666039206,,,1.0,,,0,test
22,170.0,63.9,3.631478522,,,1.0,,,0,train
22,170.0,63.9,3.324024308,,,1.0,,,0,train
22,170.0,63.9,2.767122528,,,1.0,,,0,train
22,170.0,63.9,3.045624677,,,1.0,,,0,train
22,170.0,63.9,3.95277765,,,1.0,,,0,train
28,164.5,60.2,2.771281521,,,1.0,,,0,train
28,164.5,60.2,3.975692768,,,1.0,,,0,train
28,164.5,60.2,3.663002909,,,1.0,,,0,train
28,164.5,60.2,3.066981829,,,1.0,,,0,train
28,164.5,60.2,3.356671534,,,1.0,,,0,train
26,184.5,77.0,3.977421365,,,0.0,,,0,train
26,184.5,77.0,3.046222383,,,0.0,,,0,train
26,184.5,77.0,2.738198249,,,0.0,,,0,train
26,184.5,77.0,3.348320986,,,0.0,,,0,train
26,184.5,77.0,3.661867811,,,0.0,,,0,train
36,169.0,64.3,3.358042158,,,0.0,,,0,train
36,169.0,64.3,3.974334313,,,0.0,,,0,train
36,169.0,64.3,3.053123374,,,0.0,,,0,train
36,169.0,64.3,3.667695282,,,0.0,,,0,train
36,169.0,64.3,2.747068899,,,0.0,,,0,train
20,179.0,66.2,3.142376504,,,0.0,,,0,train
20,179.0,66.2,3.442542075,,,0.0,,,0,train
20,179.0,66.2,2.820554143,,,0.0,,,0,train
20,179.0,66.2,3.690691637,,,0.0,,,0,train
20,179.0,66.2,4.067023749,,,0.0,,,0,train
36,181.0,75.2,3.992663974,,,0.0,,,0,test
36,181.0,75.2,3.372287866,,,0.0,,,0,test
36,181.0,75.2,3.682574041,,,0.0,,,0,test
36,181.0,75.2,3.059544036,,,0.0,,,0,test
36,181.0,75.2,2.747685253,,,0.0,,,0,test
25,178.0,70.2,2.747941903,,,0.0,,,0,train
25,178.0,70.2,3.044518028,,,0.0,,,0,train
25,178.0,70.2,3.967467374,,,0.0,,,0,train
25,178.0,70.2,3.350229335,,,0.0,,,0,train
25,178.0,70.2,3.660605021,,,0.0,,,0,train
40,171.0,70.7,3.981917153,,,0.0,,,0,test
40,171.0,70.7,2.748921569,,,0.0,,,0,test
40,171.0,70.7,3.670174829,,,0.0,,,0,test
40,171.0,70.7,3.054213483,,,0.0,,,0,test
40,171.0,70.7,3.363085802,,,0.0,,,0,test
21,177.0,72.0,3.670668118,,,0.0,,,0,test
21,177.0,72.0,2.741480586,,,0.0,,,0,test
21,177.0,72.0,3.984830383,,,0.0,,,0,test
21,177.0,72.0,3.051932454,,,0.0,,,0,test
21,177.0,72.0,3.359820892,,,0.0,,,0,test
42,172.0,76.0,2.697820698,5.0,,0.0,,0.0,1,train
38,167.0,75.0,2.741228456,5.0,,1.0,,1.0,1,train
27,185.0,79.8,2.982940633,2.0,,0.0,,0.0,1,test
49,174.0,81.4,2.678543389,15.0,,0.0,,1.0,1,train
51,170.5,64.8,2.743242872,5.0,,0.0,,0.0,1,train
26,177.5,68.8,2.7239,7.0,,1.0,,0.0,1,train
51,181.0,87.8,2.554141195,12.0,,1.0,,0.0,1,test
30,173.0,70.2,2.654482333,5.0,,1.0,,0.0,1,train
40,174.0,61.5,2.492124791,,,1.0,,0.0,1,test
36,163.5,54.0,3.101232065,5.0,,1.0,,0.0,1,train
32,161.0,74.0,2.69642142,3.0,,0.0,,0.0,1,train
49,172.5,81.8,2.252712677,5.0,,0.0,,0.0,1,test
31,181.5,86.4,2.808229292,,,0.0,,0.0,0,train
26,177.0,67.0,2.719587048,10.0,,1.0,,1.0,1,train
59,178.0,75.6,2.707526174,10.0,,0.0,,0.0,0,train
55,186.0,87.4,2.668622811,8.0,,0.0,,0.0,1,train
27,164.0,75.0,2.733558133,1.0,,1.0,,0.0,1,test
60,185.5,85.0,2.80748053,50.0,,0.0,,0.0,1,train
30,157.0,59.6,2.734517021,12.0,,0.0,,0.0,1,train
44,168.0,78.0,2.158596033,15.0,,1.0,,0.0,1,train
39,163.0,56.4,2.488489504,,,1.0,,0.0,1,train
45,178.0,78.6,2.496321583,5.0,,0.0,,1.0,1,train
37,999.0,79.0,2.695541741,29.0,,0.0,,1.0,1,train
30,173.2,71.0,2.70235591,13.0,,1.0,,1.0,1,train
55,155.5,61.6,2.5021,10.0,,1.0,,0.0,1,train
59,162.0,62.2,2.261658557,,,1.0,,0.0,1,train
39,160.0,57.0,2.691144036,1.0,,1.0,,0.0,1,train
54,166.7,63.2,2.259815298,,,1.0,,0.0,1,train
39,172.5,81.6,2.677964086,,,0.0,,0.0,0,train
18,185.0,72.8,2.73775509,4.0,,0.0,,1.0,1,train
48,164.0,58.2,2.539042953,1.0,,1.0,,0.0,1,train
40,164.5,64.6,2.494388013,1.0,,1.0,,1.0,1,train
48,165.5,63.6,2.693723892,36.0,,1.0,,0.0,1,test
55,162.0,55.4,2.350951021,1.0,,1.0,,0.0,1,train
44,182.0,84.2,2.727777966,10.0,,0.0,,1.0,1,train
42,158.1,66.8,2.506460617,2.0,,1.0,,0.0,1,train
26,188.4,81.4,2.689914772,7.0,,0.0,,1.0,1,train
60,175.5,82.2,2.829840655,7.0,,0.0,,0.0,1,test
28,165.5,58.8,2.716940618,3.0,,1.0,,1.0,1,train
50,170.5,67.0,2.303773683,38.0,,1.0,,0.0,1,test
56,174.8,71.0,2.480259333,25.0,,0.0,,0.0,1,train
28,160.0,66.6,2.48810923,1.0,,1.0,,0.0,1,train
51,159.5,52.0,2.502550286,5.0,,1.0,,1.0,1,train
32,181.5,68.4,2.718111681,10.0,,1.0,,1.0,1,test
36,161.2,59.0,2.728036777,1.0,,1.0,,0.0,1,train
39,173.7,71.0,2.682489323,3.0,,0.0,,0.0,1,test
48,183.7,80.0,2.70361527,20.0,,0.0,,0.0,1,train
39,180.2,83.6,2.681915109,20.0,,0.0,,0.0,1,train
53,186.7,96.8,2.4856,10.0,,0.0,,0.0,1,train
31,189.8,91.2,2.700153934,2.0,,0.0,,0.0,1,train
21,171.2,65.2,2.684824128,7.0,,0.0,,1.0,1,train
44,170.0,51.0,2.691528142,,,1.0,,0.0,0,train
56,180.6,75.2,2.480671784,2.0,,0.0,,0.0,1,train
46,183.6,94.2,2.250835574,,,0.0,,0.0,1,test
50,188.5,104.0,2.252464781,999.0,,0.0,,0.0,1,train
30,176.0,73.8,2.703624549,20.0,,0.0,,1.0,1,train
40,193.0,86.8,2.69595806,4.0,,0.0,1.0,1.0,1,test
41,194.6,90.0,2.693761339,2.0,,0.0,0.0,1.0,1,test
36,180.0,67.6,2.461599718,1.5,,0.0,,0.0,1,train
45,166.0,77.2,2.157478881,10.0,,1.0,,1.0,1,train
38,155.0,58.2,2.208131506,2.0,,1.0,,0.0,0,test
46,171.2,63.8,2.252613988,28.0,,1.0,,0.0,1,train
38,175.6,104.8,1.72977913,2.0,,1.0,,0.0,1,train
38,174.3,78.8,2.700308021,20.0,,0.0,,1.0,1,train
62,162.8,71.0,2.275351069,12.0,,1.0,,0.0,1,train
62,170.7,79.0,2.245337243,30.0,,1.0,,0.0,1,train
48,165.0,68.0,2.257494458,10.0,,0.0,,0.0,1,train
43,183.2,77.0,2.948614925,999.0,,0.0,,1.0,1,train
51,163.5,61.6,2.492703459,,,1.0,,0.0,0,train
26,159.1,54.0,2.234683386,2.0,,1.0,0.0,0.0,1,train
40,182.0,74.0,3.153170373,3.0,,0.0,0.0,1.0,1,train
36,172.2,80.0,2.475692257,,,0.0,1.0,0.0,0,train
28,177.1,68.0,2.262293543,1.0,,0.0,1.0,0.0,1,train
43,165.0,64.0,2.483935911,3.0,,1.0,0.0,0.0,1,test
35,175.6,59.0,2.688013535,,,0.0,0.0,1.0,1,train
33,159.8,57.0,2.692443264,1.5,,0.0,1.0,0.0,1,train
43,171.3,69.8,2.749113282,,,0.0,0.0,1.0,1,train
35,162.0,84.0,2.271025778,1.5,,1.0,1.0,0.0,1,train
41,177.0,81.0,2.931267741,5.0,,0.0,1.0,0.0,1,train
59,172.2,80.8,2.27490741,10.0,,0.0,0.0,1.0,1,train
38,183.4,88.6,2.935582208,4.0,,0.0,0.0,0.0,1,train
21,179.0,64.6,2.708864382,,,0.0,0.0,1.0,1,train
45,183.6,87.2,2.71084115,15.0,3.0,0.0,0.0,1.0,1,train
32,160.1,48.0,2.478334025,3.0,,1.0,0.0,0.0,1,train
51,156.0,66.0,1.922718884,5.0,,1.0,1.0,0.0,1,train
31,166.0,57.2,2.697433704,5.0,,1.0,0.0,0.0,1,train
36,176.0,77.0,2.692772648,3.0,,0.0,0.0,0.0,1,train
25,162.6,54.2,2.259939868,0.0,,1.0,0.0,0.0,1,train
43,179.4,69.4,2.927309243,27.0,,0.0,0.0,0.0,1,train
47,172.0,61.0,2.682829858,8.0,,1.0,0.0,0.0,1,train
61,181.1,91.0,2.472005952,5.0,,0.0,1.0,1.0,1,train
57,168.0,68.0,2.467502434,1.0,,0.0,0.0,0.0,0,train
23,180.3,67.0,2.467206228,,,0.0,0.0,1.0,1,train
47,184.0,83.8,2.714872669,5.0,,0.0,0.0,1.0,1,train
37,176.4,79.6,2.4796,,,0.0,1.0,0.0,1,train
51,160.0,63.2,2.265366415,14.0,,1.0,0.0,0.0,1,test
30,167.0,53.4,2.697836495,5.0,,1.0,0.0,0.0,1,train
27,166.5,57.8,2.483792664,8.0,10.0,1.0,0.0,1.0,1,train
48,190.0,106.8,2.471341432,7.0,,0.0,1.0,0.0,1,train
21,168.3,58.6,2.976993019,5.0,,0.0,1.0,1.0,1,train
39,169.5,58.7,2.472454941,15.0,,1.0,1.0,0.0,1,train
53,173.4,75.0,2.028162379,20.0,,1.0,1.0,1.0,1,train
48,180.4,92.2,2.479908004,2.0,,0.0,1.0,0.0,1,train
47,166.2,55.1,2.267858919,19.0,,1.0,1.0,0.0,1,train
53,174.7,61.6,2.25738362,8.0,,1.0,1.0,0.0,1,train
49,181.1,86.8,2.258845943,,,0.0,0.0,1.0,1,train
27,172.0,68.1,2.708890708,20.0,,1.0,0.0,0.0,1,train
38,173.0,63.7,2.708595465,18.0,,1.0,1.0,1.0,1,train
33,166.1,58.8,2.478915526,10.0,,1.0,0.0,1.0,1,train
32,182.1,83.8,2.284470263,0.0,,0.0,1.0,0.0,1,train
28,168.5,73.6,2.930298837,2.0,,0.0,1.0,0.0,1,test
32,176.2,86.1,2.511241019,5.0,,0.0,1.0,0.0,1,train
42,175.8,70.1,2.726485527,,,0.0,1.0,0.0,1,test
73,180.8,74.7,1.724125335,,,0.0,0.0,0.0,1,train
44,178.6,71.2,2.499189566,10.0,,1.0,0.0,0.0,0,test
47,172.0,61.9,2.489233396,10.0,,1.0,0.0,0.0,1,train
51,186.0,86.5,2.949904483,15.0,,0.0,1.0,0.0,1,train
37,173.4,70.6,2.72268698,6.0,,0.0,0.0,0.0,1,train
57,158.1,76.6,1.514269928,5.0,,1.0,1.0,0.0,1,train
38,176.0,74.2,2.24927952,5.0,,0.0,1.0,0.0,1,train
53,168.4,58.1,2.271722816,9.0,,1.0,1.0,0.0,1,train
36,181.0,86.1,2.273298633,,,0.0,0.0,0.0,1,train
60,171.2,76.9,2.275201072,25.0,,0.0,1.0,0.0,1,train
18,173.2,66.2,1.924887857,0.0,,0.0,1.0,0.0,1,train
35,178.0,69.5,2.26749466,,,1.0,0.0,0.0,1,test
58,170.2,62.9,2.7043,,,0.0,0.0,0.0,1,test
57,158.8,51.5,2.118390748,3.0,,1.0,1.0,0.0,1,train
30,183.9,86.8,2.740374262,1.0,,0.0,1.0,0.0,1,train
60,169.0,71.6,2.270012511,1.5,,0.0,1.0,0.0,1,test
47,177.0,73.6,2.681004342,8.0,,0.0,0.0,0.0,1,test
39,161.3,58.7,2.26818472,3.0,,1.0,1.0,0.0,1,train
35,172.5,91.3,2.215279545,7.0,,0.0,0.0,0.0,1,test
34,174.2,71.7,2.744086762,,,0.0,0.0,0.0,1,train
51,157.7,69.7,2.105735911,,,1.0,1.0,0.0,1,test
48,179.7,76.1,2.249561484,2.0,,0.0,1.0,1.0,1,train
27,171.3,64.8,2.708342247,,,1.0,1.0,0.0,1,train
34,185.0,72.3,2.70748661,,,0.0,0.0,0.0,1,train
41,171.7,89.8,2.267372556,,,0.0,1.0,0.0,1,test
56,175.0,77.3,2.262932927,0.0,,0.0,1.0,0.0,1,train
39,166.6,53.1,2.250066132,0.0,,1.0,1.0,0.0,1,train
50,158.6,57.0,2.238034996,20.0,,1.0,1.0,0.0,1,test
48,163.0,54.0,1.7612,,,1.0,1.0,0.0,1,train
47,180.4,60.3,2.2644,3.0,,0.0,0.0,0.0,1,train
46,188.3,95.0,2.682086494,25.0,,0.0,0.0,0.0,1,train
42,172.0,66.8,2.264650936,,,1.0,0.0,0.0,1,train
33,189.3,76.9,2.473086273,2.0,,0.0,0.0,0.0,1,train
52,166.0,79.3,2.259462725,6.0,,1.0,1.0,0.0,1,train
39,178.3,82.4,2.740159594,1.0,,0.0,1.0,0.0,1,train
24,183.0,84.7,2.637150791,10.0,,0.0,1.0,0.0,1,train
53,184.5,84.1,2.916,1.0,,0.0,1.0,0.0,1,train
41,174.0,74.8,2.481024638,,0.0,0.0,1.0,0.0,1,train
40,164.2,60.0,2.276532215,15.0,,1.0,0.0,0.0,1,train
26,184.6,83.2,2.484842114,10.0,,0.0,1.0,0.0,1,train
25,189.0,76.1,2.531581121,3.0,,0.0,1.0,1.0,1,train
49,177.6,83.7,2.414868561,,,0.0,0.0,0.0,0,train
36,170.5,65.4,2.707518898,9.0,,1.0,0.0,0.0,1,train
53,168.0,55.7,2.349493628,,,1.0,1.0,0.0,1,test
48,160.0,74.2,2.223872447,35.0,,1.0,0.0,0.0,1,train
61,175.7,94.5,2.256839306,,,0.0,1.0,0.0,1,train
52,170.7,72.0,2.526875796,,,0.0,0.0,0.0,0,train
58,158.2,60.9,2.016002294,4.0,,1.0,1.0,0.0,1,test
39,168.3,56.5,2.708501053,,,1.0,0.0,0.0,0,test
40,176.0,66.6,2.527804883,4.0,,1.0,0.0,0.0,0,train
44,163.7,57.5,2.119409373,30.0,,1.0,0.0,0.0,1,train
41,170.0,69.5,2.693272288,3.0,,0.0,0.0,0.0,1,test
41,168.3,60.3,2.707866503,,,1.0,1.0,0.0,0,train
59,182.0,70.2,2.608672539,,,0.0,0.0,0.0,0,test
43,173.2,71.7,2.267916842,0.0,0.0,1.0,1.0,0.0,1,train
48,177.5,79.2,2.6687,,,0.0,0.0,0.0,0,train
54,164.0,68.0,2.480255526,,,1.0,0.0,0.0,0,train
48,179.2,67.1,2.475425527,20.0,,1.0,0.0,0.0,0,test
27,168.9,63.8,2.465492015,3.0,,1.0,0.0,0.0,1,train
33,173.4,55.4,2.701884325,20.0,,1.0,0.0,0.0,1,test
48,161.0,58.8,2.2135,9.0,,1.0,0.0,0.0,1,test
47,173.0,76.6,2.7062,,,0.0,0.0,0.0,0,train
42,177.7,74.6,2.942184425,17.0,,0.0,0.0,0.0,1,test
42,172.2,62.9,2.481287854,,,0.0,0.0,0.0,0,train
53,172.5,81.2,2.286018964,,,0.0,0.0,1.0,1,train
30,180.4,86.3,2.687380202,1.0,,0.0,1.0,0.0,0,train
45,181.3,82.9,2.943303022,,,0.0,0.0,0.0,1,train
43,173.0,61.9,2.327681282,20.0,,1.0,1.0,0.0,1,train
22,167.0,52.0,2.473029285,,,1.0,,0.0,0,train
65,179.0,65.6,1.929597706,,,0.0,0.0,0.0,0,test
27,174.0,71.2,2.675626257,,,0.0,0.0,0.0,0,train
49,178.4,78.3,2.716592885,2.0,,0.0,0.0,1.0,1,train
32,167.6,76.7,2.221373625,3.0,,1.0,0.0,0.0,1,train
34,156.0,47.8,2.367303361,0.0,,1.0,0.0,0.0,0,train
43,168.0,63.2,2.472753928,,,1.0,0.0,0.0,0,test
30,175.0,82.6,2.493119871,,,1.0,0.0,0.0,1,test
31,167.0,75.0,2.70688361,8.0,,0.0,0.0,0.0,1,train
48,182.0,66.6,2.681215358,30.0,,0.0,0.0,1.0,0,train
25,178.7,75.3,2.27583185,2.0,,0.0,0.0,0.0,1,train
43,162.1,67.5,2.265233566,10.0,,1.0,0.0,0.0,1,train
48,161.0,65.2,1.928447046,,,1.0,0.0,1.0,1,train
34,169.2,63.6,2.700491823,15.0,,1.0,0.0,0.0,1,train
40,161.3,60.1,2.271817088,10.0,,1.0,0.0,0.0,1,test
32,172.0,57.6,2.484234292,2.0,,1.0,1.0,1.0,1,test
43,175.0,72.6,2.16483448,,,1.0,0.0,1.0,1,train
57,170.0,73.3,1.93350274,,,1.0,0.0,1.0,1,test
44,184.0,84.7,2.719068447,12.0,,0.0,0.0,1.0,1,train
33,179.2,66.5,2.494507324,2.0,,1.0,0.0,1.0,1,train
47,175.1,101.4,1.892791913,0.0,,1.0,0.0,0.0,1,train
64,177.5,75.3,2.26431503,,,0.0,0.0,0.0,1,test
33,178.0,81.2,2.469256532,3.0,,0.0,0.0,0.0,1,train
44,179.3,94.2,2.27130183,,,0.0,0.0,0.0,1,train
44,171.0,84.3,2.260703861,3.5,,0.0,0.0,0.0,1,train
36,162.7,49.6,2.712789721,,,1.0,1.0,0.0,1,train
33,186.0,87.0,2.713050466,,,0.0,0.0,0.0,1,train
24,170.2,60.2,2.517045697,4.0,,1.0,1.0,0.0,1,test
45,169.0,57.4,2.316754044,2.0,,1.0,1.0,0.0,1,train
34,173.7,65.0,2.263326648,12.0,,0.0,1.0,0.0,1,train
49,160.2,66.3,2.126859798,2.0,,1.0,1.0,0.0,1,train
72,166.0,65.2,2.493060456,32.0,,0.0,1.0,1.0,1,train
43,171.1,58.8,2.69531268,30.0,,1.0,1.0,0.0,1,train
51,175.3,107.7,2.163460021,,,0.0,1.0,0.0,1,train
54,179.2,72.9,2.497337052,0.0,,0.0,0.0,0.0,1,train
27,182.0,70.5,2.695787448,1.5,,0.0,0.0,0.0,0,train
52,158.0,51.0,2.402744557,6.0,,1.0,1.0,0.0,1,train
30,179.5,72.2,2.697790567,9.0,1.0,0.0,1.0,1.0,1,test
22,162.5,57.3,2.722920905,5.0,,1.0,1.0,0.0,1,train
48,163.0,68.8,2.694363317,35.0,,1.0,1.0,0.0,0,train
53,176.0,104.8,2.272370172,,,0.0,1.0,0.0,1,train
45,168.5,77.6,2.262448221,5.0,,1.0,0.0,0.0,1,train
33,165.1,61.0,2.25900553,,,1.0,1.0,0.0,1,train
53,176.0,85.6,2.694355325,,,0.0,1.0,0.0,0,train
40,180.0,78.4,2.482161245,24.0,0.0,0.0,0.0,1.0,1,train
42,184.0,72.6,2.925005792,24.0,,0.0,1.0,0.0,1,train
34,181.0,77.6,2.495125166,20.0,,0.0,1.0,0.0,1,train
37,183.3,103.9,2.721146242,,,0.0,1.0,0.0,1,train
37,171.0,68.5,2.481777875,,,1.0,1.0,0.0,1,train
27,170.7,57.3,2.701258825,2.0,1.0,1.0,0.0,1.0,1,train
40,180.0,94.1,2.714333572,8.0,,0.0,1.0,0.0,1,test
32,183.0,72.8,2.710303431,1.0,,0.0,1.0,0.0,1,train
46,177.2,96.0,2.713308752,5.0,,0.0,1.0,0.0,1,train
56,183.2,77.1,2.721576669,10.0,4.0,0.0,0.0,1.0,0,train
26,177.0,67.5,2.630128158,8.0,0.0,1.0,1.0,1.0,1,train
41,172.0,86.7,2.613321385,8.0,,0.0,1.0,0.0,0,train
35,177.1,69.1,2.69854718,13.0,2.0,0.0,1.0,1.0,0,test
41,176.0,65.4,2.696118366,25.0,,1.0,1.0,0.0,1,train
57,174.7,82.5,2.265924594,3.0,11.0,0.0,1.0,1.0,1,train
26,184.6,73.0,2.922297545,1.0,,0.0,0.0,1.0,1,train
29,178.3,79.4,2.719684662,14.0,,0.0,1.0,0.0,1,train
48,169.0,65.9,2.498107194,,,1.0,1.0,0.0,1,test
47,171.0,80.4,1.92406395,,,1.0,1.0,0.0,1,train
53,173.3,60.4,2.540834183,25.0,,1.0,1.0,0.0,1,train
37,153.9,42.5,1.934351466,3.0,,1.0,1.0,0.0,1,train
54,166.6,59.6,2.439896104,,,1.0,1.0,0.0,1,test
31,183.7,78.8,2.727906705,,,0.0,1.0,0.0,1,test
48,165.1,57.3,2.482452923,12.0,,1.0,1.0,0.0,1,train
28,167.9,90.3,2.25398619,1.0,,1.0,0.0,0.0,1,train
30,157.3,50.7,2.775028337,3.0,,1.0,1.0,0.0,0,train
30,182.3,78.4,2.744597338,6.0,2.0,0.0,1.0,1.0,0,train
25,168.2,59.5,2.628503944,,,1.0,1.0,0.0,1,train
31,172.3,81.0,2.505872701,21.0,2.0,1.0,1.0,0.0,0,train
38,167.3,63.0,2.731207162,,,1.0,1.0,0.0,0,train
19,164.5,61.3,2.624087477,1.0,,1.0,1.0,0.0,1,train
38,189.4,76.3,2.931836641,,,0.0,1.0,0.0,0,train
28,166.0,59.4,2.633631246,,,1.0,1.0,0.0,1,test
52,177.0,74.5,2.7176278,2.5,,0.0,1.0,0.0,1,train
53,175.1,56.7,2.726567442,15.0,,1.0,1.0,0.0,1,train
24,179.5,70.0,2.702680488,11.0,,1.0,1.0,1.0,1,train
40,171.2,60.0,2.640292087,15.0,,1.0,1.0,0.0,0,train
61,168.2,66.3,1.994033164,40.0,,0.0,1.0,1.0,0,train
50,178.2,72.5,2.634773505,5.0,,0.0,1.0,0.0,0,train
37,164.2,50.6,2.637239606,6.0,,1.0,1.0,0.0,1,test
43,164.2,56.4,2.588485049,11.0,,1.0,1.0,1.0,1,train
43,159.3,92.2,2.01906994,6.0,,1.0,1.0,0.0,1,train
32,188.6,77.8,2.726318316,6.0,,0.0,0.0,1.0,1,train
33,185.1,81.3,2.928992899,8.0,,0.0,1.0,1.0,0,train
50,179.3,93.9,2.215078225,,,0.0,1.0,0.0,1,train
40,173.6,76.4,2.324584504,1.0,,0.0,0.0,0.0,1,train
45,167.5,65.5,1.930832218,,,1.0,1.0,0.0,1,train
47,170.0,57.3,2.13592292,1.0,,1.0,1.0,0.0,1,train
41,166.1,68.9,2.224377814,15.0,,1.0,1.0,0.0,1,train
44,156.6,48.9,1.695625109,2.0,,1.0,1.0,0.0,1,train
52,163.0,63.6,2.441503959,1.0,,1.0,1.0,1.0,1,train
26,161.9,59.3,2.230620329,,,1.0,1.0,0.0,1,test
34,159.1,54.0,2.633930293,6.0,,0.0,1.0,1.0,0,train
60,181.3,105.4,2.028702333,30.0,,0.0,0.0,0.0,1,train
37,168.1,54.3,2.464453007,19.0,,1.0,1.0,0.0,1,train
43,155.2,59.4,2.090126974,2.0,,1.0,0.0,0.0,1,test
38,158.3,61.0,2.435167828,2.0,,1.0,0.0,0.0,1,train
46,168.5,52.0,2.352882814,0.0,,1.0,0.0,0.0,1,train
33,156.7,55.1,2.329921893,,,1.0,0.0,0.0,1,train
32,160.0,55.3,2.344892869,,,1.0,1.0,0.0,1,train
41,173.2,83.1,2.041316152,3.0,,1.0,0.0,0.0,1,train
41,167.0,62.7,2.241651677,0.0,,1.0,1.0,0.0,1,test
50,181.3,76.6,2.728438889,35.0,,0.0,1.0,0.0,1,train
29,181.4,73.4,2.716236912,10.0,,0.0,1.0,0.0,1,train
33,188.4,94.6,2.7005508,10.0,,0.0,1.0,0.0,1,train
25,183.2,80.6,2.727794184,1.0,,0.0,1.0,0.0,1,train
37,170.2,81.2,2.425061696,1.0,,1.0,1.0,0.0,0,test
39,183.6,81.9,2.653136706,20.0,,0.0,1.0,1.0,1,test
57,173.6,57.5,2.021356099,0.0,,1.0,1.0,0.0,1,test
48,187.1,83.1,2.637820776,5.0,,0.0,1.0,1.0,1,test
53,164.2,58.8,2.330767536,3.0,,1.0,1.0,1.0,1,test
35,163.0,53.9,2.725053251,6.0,,1.0,1.0,1.0,1,test
22,181.3,69.6,3.14251539,,,0.0,1.0,1.0,1,train
53,171.4,72.2,2.271032469,15.0,,0.0,1.0,0.0,1,test
37,190.2,84.3,3.242315984,4.0,3.0,0.0,1.0,0.0,1,train
33,176.6,71.5,2.763734605,20.0,,0.0,1.0,0.0,1,train
53,176.2,83.0,2.25779039,30.0,2.0,0.0,1.0,0.0,1,train
44,180.5,86.1,2.715561169,20.0,4.0,0.0,1.0,1.0,1,train
31,182.9,87.4,2.5485994,13.0,2.0,0.0,1.0,0.0,1,train
48,169.5,84.0,2.547972699,,4.0,0.0,1.0,1.0,1,train
31,163.8,56.2,2.361287512,3.0,,1.0,1.0,0.0,1,train
38,170.7,59.8,2.733916616,28.0,1.0,0.0,1.0,1.0,1,train
39,175.3,80.6,2.705141484,10.0,,0.0,1.0,0.0,1,train
47,174.1,90.7,2.280338336,2.0,,0.0,1.0,0.0,1,train
42,167.0,59.0,2.271580094,14.0,2.0,1.0,1.0,0.0,1,train
39,165.6,55.6,2.493825544,,,1.0,1.0,0.0,1,train
47,151.3,64.9,2.264713481,4.0,,1.0,1.0,0.0,1,test
40,171.3,64.2,2.12912767,8.0,0.0,1.0,1.0,0.0,1,train
31,163.0,75.0,2.170223745,6.0,,1.0,1.0,0.0,1,train
58,162.2,57.6,2.194204978,25.0,,1.0,1.0,0.0,1,train
45,184.9,84.1,2.946046988,30.0,0.0,0.0,1.0,0.0,1,train
53,155.3,57.9,2.26838022,10.0,2.0,1.0,1.0,0.0,1,train
27,171.6,66.5,2.722587251,3.0,3.0,0.0,1.0,0.0,0,train
33,178.0,73.7,2.490693431,6.0,0.0,0.0,1.0,0.0,1,train
51,178.0,78.1,2.964635936,26.0,,0.0,1.0,1.0,1,train
33,170.0,63.4,2.946912334,15.0,,1.0,1.0,1.0,1,test
50,180.0,84.7,2.717042117,10.0,,0.0,1.0,0.0,1,train
46,163.0,67.7,2.263059397,8.0,4.0,1.0,0.0,0.0,0,train
39,175.2,78.4,2.280259845,11.0,0.0,1.0,0.0,0.0,1,train
33,167.9,63.1,2.738399228,15.0,3.0,1.0,1.0,0.0,1,train
40,186.3,74.6,2.934511655,,0.0,0.0,1.0,0.0,1,train
37,170.3,66.3,2.279229897,,,1.0,1.0,0.0,1,train
45,169.0,66.6,2.252856577,4.0,1.0,1.0,1.0,1.0,1,train
45,165.2,51.4,2.769353055,35.0,1.0,1.0,0.0,0.0,1,train
54,181.8,86.1,2.252644876,15.0,1.0,1.0,1.0,1.0,1,train
39,166.0,74.1,2.270310246,2.5,,1.0,1.0,0.0,1,train
30,174.4,63.8,2.720543253,15.0,,1.0,1.0,0.0,1,train
60,155.5,60.0,1.844732911,12.0,,1.0,1.0,1.0,1,test
59,185.9,77.3,2.966104548,5.0,,0.0,1.0,1.0,0,train
38,177.1,69.8,2.956986135,5.0,2.0,0.0,1.0,1.0,0,train
40,178.2,76.5,2.245050437,10.0,0.0,0.0,1.0,0.0,1,train
23,196.5,86.6,2.951674348,2.0,0.0,0.0,1.0,0.0,1,train
44,177.3,76.2,2.69894939,15.0,0.0,0.0,1.0,0.0,0,train
51,163.0,62.3,2.594538401,39.0,,1.0,1.0,1.0,1,train
28,183.8,69.4,2.937091016,25.0,,0.0,1.0,0.0,1,train
48,190.8,100.3,2.513925335,,0.0,0.0,1.0,0.0,1,train
43,168.4,63.1,2.069054803,3.0,,1.0,1.0,0.0,1,train
23,174.3,74.6,2.374017085,5.0,0.0,1.0,1.0,0.0,1,train
27,162.1,57.7,2.340705287,1.0,0.0,1.0,1.0,0.0,1,train
42,173.6,77.6,2.469753186,12.0,,0.0,1.0,1.0,1,train
26,173.3,67.8,2.644890418,8.0,,1.0,1.0,0.0,1,train
46,160.8,56.8,2.270143925,10.0,,1.0,0.0,0.0,1,train
44,166.8,62.0,2.385810368,2.0,,1.0,0.0,0.0,1,train
36,169.3,70.6,2.927818494,17.0,,1.0,1.0,1.0,0,train
32,172.0,84.0,2.715842646,,,0.0,0.0,0.0,0,train
40,177.9,78.6,2.940339895,20.0,2.0,0.0,1.0,1.0,1,train
20,167.2,52.9,2.500224608,3.0,,1.0,1.0,0.0,1,train
35,180.6,85.8,2.721940516,10.0,,0.0,1.0,1.0,1,train
44,171.8,59.3,2.69849144,9.0,,1.0,0.0,0.0,1,test
59,195.3,95.3,2.966713956,40.0,,0.0,1.0,0.0,1,test
38,166.5,63.7,2.493248484,,1.0,1.0,0.0,0.0,1,train
44,181.4,81.1,2.787032193,9.0,0.0,0.0,0.0,0.0,1,test
43,185.7,76.4,2.720974475,30.0,,0.0,1.0,1.0,1,train
33,175.6,69.4,2.705292378,1.0,,0.0,0.0,0.0,1,train
62,189.9,89.9,2.712250829,5.0,4.0,0.0,1.0,0.0,1,train
35,181.5,92.7,2.485326098,4.0,,0.0,1.0,0.0,1,test
36,182.0,92.7,2.698631363,,,0.0,1.0,0.0,1,train
35,162.4,55.1,2.116799766,,,1.0,1.0,0.0,1,train
52,167.0,66.8,2.772997047,35.0,,0.0,0.0,0.0,1,train
38,171.9,69.2,2.940250603,20.0,,0.0,1.0,0.0,1,test
42,165.2,119.1,1.904508609,,,1.0,1.0,0.0,1,train
33,173.1,65.1,2.918516725,15.0,,1.0,0.0,1.0,1,train
41,179.3,80.3,3.156917351,11.0,2.0,0.0,1.0,0.0,0,train
38,171.0,84.7,2.043332117,1.0,0.0,0.0,1.0,0.0,1,train
50,161.4,79.1,2.15399325,20.0,0.0,1.0,1.0,0.0,1,train
33,172.5,60.6,2.553745999,10.0,,1.0,0.0,1.0,1,train
29,167.2,71.5,2.657805256,7.0,0.0,0.0,0.0,1.0,1,train
40,175.5,68.0,2.685140276,4.0,,1.0,1.0,0.0,1,train
53,182.8,97.7,2.714379201,6.0,2.0,0.0,1.0,0.0,1,train
37,162.2,74.2,2.204461478,15.0,,1.0,1.0,0.0,1,train
50,181.2,79.1,2.73151987,,0.0,0.0,1.0,0.0,1,train
61,183.0,95.8,1.861271547,43.0,6.0,0.0,0.0,0.0,1,train
36,173.3,72.1,2.96340897,4.0,4.0,0.0,1.0,1.0,1,train
38,165.4,51.3,2.623779877,12.0,2.0,1.0,1.0,1.0,1,test
32,179.5,82.6,2.877273617,5.0,4.0,0.0,1.0,0.0,1,train
30,174.2,77.7,2.616884468,5.0,,0.0,1.0,0.0,1,test
25,174.7,69.5,2.496662311,,,0.0,1.0,0.0,1,train
48,186.2,79.8,2.706715385,20.0,,0.0,1.0,0.0,1,test
39,183.0,84.7,2.835236744,3.0,1.0,0.0,1.0,0.0,1,train
44,173.0,72.4,2.651102166,10.0,,1.0,0.0,0.0,1,train
34,178.6,82.0,2.717086818,1.5,4.0,0.0,1.0,0.0,1,train
35,178.8,74.8,2.428033829,3.0,0.0,0.0,1.0,0.0,1,test
38,157.8,59.3,2.47872968,20.0,3.0,1.0,1.0,0.0,1,train
43,193.3,81.6,2.686390918,,,0.0,1.0,1.0,1,test
40,156.0,58.2,2.442668577,5.0,,1.0,1.0,0.0,1,train
29,181.0,68.7,2.467200211,15.0,,0.0,1.0,0.0,1,train
37,173.2,75.8,2.666880769,14.0,,0.0,0.0,0.0,1,train
43,165.0,60.2,2.712831948,4.0,2.0,0.0,0.0,0.0,1,train
39,160.2,56.7,2.69850738,25.0,,1.0,1.0,0.0,1,train
51,167.9,70.6,2.2671115,30.0,2.0,1.0,0.0,0.0,1,train
48,187.4,78.8,2.542577165,11.0,,0.0,0.0,0.0,0,train
44,175.3,67.8,2.92104907,5.0,,0.0,1.0,0.0,1,train
26,156.3,50.9,2.396165941,,,1.0,1.0,0.0,1,train
62,171.6,71.6,2.653105183,12.0,,0.0,1.0,0.0,1,test
30,164.4,61.2,2.48787475,10.0,0.0,1.0,0.0,0.0,1,train
37,164.6,67.4,2.243120407,2.0,0.0,1.0,1.0,0.0,1,train
30,178.0,62.1,2.492339805,4.0,0.0,1.0,1.0,0.0,1,test
44,155.2,50.2,2.708592805,16.0,0.0,1.0,1.0,0.0,1,test
55,159.0,58.2,1.655980015,8.0,0.0,1.0,1.0,0.0,1,test
32,165.1,59.5,2.456561617,15.0,3.0,1.0,1.0,0.0,1,train
44,169.3,67.2,2.358658011,4.0,0.0,1.0,1.0,0.0,1,train
36,176.2,71.8,2.937679024,14.0,2.0,0.0,0.0,1.0,1,train
44,181.0,96.9,2.724234138,3.0,0.0,0.0,1.0,0.0,1,train
27,173.0,66.2,2.705963402,2.0,0.0,1.0,1.0,0.0,0,train
52,177.7,77.7,2.913046131,4.0,1.0,0.0,1.0,0.0,1,train
46,164.3,66.2,2.768520466,10.0,3.0,0.0,0.0,0.0,1,test
45,161.0,49.4,2.540750674,5.0,,1.0,1.0,0.0,1,train
25,166.7,75.2,2.475780592,1.5,,1.0,0.0,0.0,1,train
29,164.0,50.6,2.71361395,3.0,,1.0,,0.0,1,train
25,166.2,58.2,2.687199098,,,1.0,,0.0,1,train
33,174.6,75.0,2.688284543,,,0.0,,1.0,1,train
27,190.2,78.7,2.710374938,,,0.0,,1.0,0,train
43,171.1,61.8,2.709896541,,,0.0,,1.0,0,train
30,165.4,51.7,2.699664997,4.0,,1.0,,0.0,1,train
25,183.6,73.7,2.697530035,0.25,,0.0,,0.0,1,train
37,176.1,65.9,2.72454353,,,1.0,,0.0,0,train
40,167.0,45.0,2.675185593,0.5,,1.0,,0.0,1,train
35,163.0,63.2,2.703930416,,,1.0,,0.0,0,train
36,165.4,59.0,2.698435501,2.0,,1.0,,1.0,0,train
46,180.4,90.5,2.726520431,46.0,,0.0,,0.0,1,train
27,173.1,75.7,2.692966744,,,0.0,,0.0,1,test
30,173.8,67.9,2.697827046,10.0,,1.0,,0.0,0,train
45,176.2,63.7,2.725629415,6.0,,0.0,0.0,0.0,0,test
27,177.0,59.3,2.696977145,10.0,,1.0,0.0,0.0,1,train
30,174.4,71.2,2.699206917,3.0,,0.0,0.0,0.0,1,train
24,160.0,48.1,2.702604983,10.0,,1.0,0.0,0.0,1,train
32,168.2,59.5,2.69126342,4.0,,1.0,0.0,0.0,0,train
23,160.4,53.5,2.720963663,2.0,,1.0,0.0,0.0,0,train
22,191.0,88.5,2.711194291,2.0,,0.0,0.0,1.0,0,train
27,184.6,91.0,2.704883718,4.0,,0.0,0.0,0.0,1,train
25,160.6,50.9,2.708949502,5.0,,1.0,0.0,0.0,1,train
28,175.0,68.0,2.771265953,12.0,,0.0,1.0,0.0,1,train
39,175.0,61.0,2.928597758,24.0,12.0,0.0,0.0,1.0,0,train
26,180.0,68.0,2.66951277,6.0,,1.0,1.0,0.0,1,train
27,178.0,92.0,2.684359235,14.0,,0.0,1.0,0.0,0,train
22,170.0,59.0,2.877807258,9.0,10.0,1.0,1.0,1.0,0,train
25,158.0,50.0,3.003385017,8.0,15.0,1.0,1.0,1.0,0,train
24,169.0,57.0,3.096718679,8.0,12.0,1.0,0.0,1.0,1,train
26,170.0,62.4,2.742779182,12.0,10.0,0.0,1.0,1.0,0,train
33,176.0,64.0,2.738043519,,,0.0,1.0,0.0,0,test
22,163.0,58.0,2.9591305,5.0,12.0,1.0,1.0,1.0,0,train
22,163.0,58.0,2.944254589,5.0,12.0,1.0,1.0,1.0,0,train
26,183.0,73.2,2.964056776,11.0,1.0,0.0,1.0,1.0,0,test
27,183.0,73.2,2.900220696,13.0,1.0,0.0,1.0,1.0,0,test
27,183.0,73.2,4.104909649,13.0,1.0,0.0,1.0,1.0,0,test
36,175.0,74.0,3.075938759,10.0,12.0,0.0,1.0,1.0,0,train
40,172.0,70.0,2.933110369,27.0,6.0,0.0,1.0,1.0,0,test
22,168.0,53.6,3.012124661,14.0,6.0,1.0,1.0,1.0,0,train
56,180.0,82.2,2.345033131,25.0,30.0,0.0,0.0,1.0,0,train
36,190.0,76.7,2.955484297,13.0,5.0,0.0,1.0,1.0,0,train
32,180.0,73.5,3.117937612,17.0,6.0,0.0,0.0,1.0,0,train
29,178.0,73.6,3.305730907,17.0,8.0,0.0,1.0,1.0,0,train
45,172.0,61.5,3.006463807,11.0,6.0,0.0,1.0,1.0,0,train
27,181.0,76.9,3.183122318,16.0,,0.0,0.0,1.0,0,test
22,164.0,59.8,2.753896093,7.0,4.0,1.0,1.0,0.0,0,train
38,165.0,52.8,3.263575753,25.0,7.0,1.0,1.0,1.0,0,train
30,176.0,57.3,3.427277325,2.0,15.0,1.0,1.0,1.0,0,train
31,165.0,58.1,3.385302068,7.0,8.0,1.0,1.0,1.0,0,train
36,160.0,51.5,3.420671986,4.0,10.0,1.0,1.0,1.0,0,train
23,164.0,56.2,2.794360259,8.0,4.0,1.0,1.0,1.0,0,test
31,169.5,67.3,3.213706717,4.0,4.0,1.0,1.0,1.0,0,train
37,158.0,56.6,3.346512307,15.0,20.0,1.0,0.0,1.0,1,train
28,182.5,102.3,3.011469247,10.0,,0.0,1.0,0.0,0,train
28,182.5,102.3,2.953096117,10.0,,0.0,1.0,0.0,0,train
28,182.5,102.3,2.960696849,10.0,,0.0,1.0,0.0,0,train
23,172.0,72.8,2.809871917,12.0,,1.0,1.0,0.0,1,train
22,170.0,61.2,3.067304098,8.0,30.0,1.0,1.0,1.0,0,train
22,170.0,61.2,2.478635566,8.0,30.0,1.0,1.0,1.0,0,train
22,170.0,61.2,2.067780336,8.0,30.0,1.0,1.0,1.0,0,train
22,170.0,61.2,2.069339611,8.0,30.0,1.0,1.0,1.0,0,train
38,182.0,80.0,3.23267219,22.0,2.0,0.0,1.0,0.0,0,train
27,165.0,56.0,3.112690738,3.0,12.0,1.0,1.0,1.0,0,train
21,176.0,74.0,2.774928618,,,0.0,,,0,train
21,176.0,74.0,2.777911925,,,0.0,,,0,train
26,163.0,59.0,2.787030423,,,1.0,,,0,train
26,163.0,59.0,2.810315883,,,1.0,,,0,train
25,165.0,70.0,2.785732915,,,1.0,,,0,train
25,165.0,70.0,2.810360647,,,1.0,,,0,train
21,190.0,77.0,2.789056507,,,0.0,,,0,train
21,190.0,77.0,2.82423146,,,0.0,,,0,train
22,164.0,57.0,2.802391166,,,1.0,,,0,train
22,164.0,57.0,2.8138343,,,1.0,,,0,train
20,163.0,67.0,2.796978319,,,1.0,,,0,train
20,163.0,67.0,2.815274941,,,1.0,,,0,train
26,173.0,77.0,2.807355393,,,0.0,,,0,train
26,173.0,77.0,2.818982507,,,0.0,,,0,train
23,192.0,75.0,2.803072342,,,0.0,,,0,train
23,192.0,75.0,2.789670169,,,0.0,,,0,train
23,190.0,75.0,2.813379104,,,0.0,,,0,test
23,190.0,75.0,2.809916559,,,0.0,,,0,test
21,166.0,64.0,2.787019823,,,1.0,,,0,train
21,166.0,64.0,2.836640094,,,1.0,,,0,train
19,178.0,68.5,2.805505567,,,0.0,,,0,train
19,178.0,68.5,2.846198901,,,0.0,,,0,train
23,165.0,64.4,2.79318237,,,1.0,,,0,train
23,165.0,64.4,2.830373175,,,1.0,,,0,train
31,185.4,104.5,2.779983605,,,0.0,,,0,train
43,182.9,84.1,2.796736672,,,0.0,,,0,test
22,169.5,61.6,2.711424104,999.0,,1.0,0.0,1.0,0,train
54,175.4,94.6,2.70712763,999.0,,0.0,0.0,0.0,0,train
37,165.0,52.6,2.715085018,,,1.0,0.0,1.0,0,test
51,158.5,52.0,2.70242742,30.0,,1.0,0.0,1.0,0,train
23,166.0,57.6,2.713539833,999.0,,1.0,0.0,1.0,0,train
30,163.3,69.8,2.67293165,999.0,,1.0,0.0,0.0,0,train
46,167.5,66.0,2.776234497,5.0,,1.0,0.0,1.0,0,train
51,158.0,55.0,2.748238787,999.0,,1.0,0.0,1.0,0,train
41,180.9,83.0,2.721412364,30.0,,0.0,0.0,1.0,0,train
40,165.3,56.4,2.504258755,4.5,,1.0,0.0,1.0,0,train
25,186.2,77.2,2.755101124,999.0,,0.0,0.0,1.0,0,train
20,175.1,59.4,2.729238739,999.0,,1.0,0.0,1.0,0,train
20,170.5,62.6,2.748757189,999.0,,0.0,0.0,1.0,0,train
20,186.0,78.4,2.724256407,999.0,,0.0,0.0,1.0,0,train
38,171.0,61.4,2.730202711,999.0,,1.0,0.0,1.0,0,train
21,182.7,65.6,2.709491682,999.0,,0.0,0.0,1.0,0,train
20,180.7,66.6,3.1331,999.0,,0.0,0.0,1.0,0,test
35,165.2,54.4,2.706241875,12.0,,1.0,0.0,1.0,0,train
19,187.2,73.4,2.696653514,999.0,,0.0,0.0,1.0,0,test
20,168.1,68.4,2.716180119,999.0,,0.0,0.0,1.0,0,train
19,180.5,62.0,2.756004824,999.0,,0.0,0.0,1.0,0,train
25,187.1,89.0,2.6867976,999.0,,0.0,0.0,1.0,0,test
24,168.1,56.0,2.905266711,999.0,,1.0,0.0,1.0,0,train
21,170.0,59.8,2.735469269,999.0,,0.0,0.0,1.0,0,train
32,170.0,57.6,2.733144502,999.0,,1.0,0.0,1.0,0,train
34,181.5,77.6,2.707369258,999.0,,0.0,0.0,1.0,0,test
26,165.0,70.8,2.759143579,999.0,,0.0,0.0,1.0,0,test
38,170.0,71.2,2.521955289,999.0,,1.0,0.0,1.0,0,train
19,176.2,62.6,2.702573239,999.0,,1.0,0.0,1.0,0,train
21,178.0,75.8,2.730967872,5.0,,0.0,0.0,1.0,0,train
23,179.0,72.2,2.722372895,999.0,,1.0,0.0,1.0,0,train
20,167.0,59.4,2.869710688,999.0,,1.0,0.0,1.0,0,train
19,174.0,68.8,2.713893144,2.0,,0.0,0.0,1.0,0,train
36,173.4,84.2,2.711323289,999.0,,0.0,0.0,0.0,1,train
27,164.0,62.0,2.725904952,6.0,,1.0,0.0,0.0,1,train
33,176.4,55.6,2.701154544,5.0,,1.0,0.0,0.0,0,test
18,179.0,59.2,2.737678431,1.0,,1.0,1.0,0.0,1,train
38,144.0,53.4,2.481934692,,,1.0,1.0,0.0,1,train
30,182.3,72.2,2.709365534,6.0,,1.0,1.0,0.0,1,train
44,159.0,60.8,2.729033621,15.0,,1.0,0.0,0.0,1,train
26,173.4,68.6,2.720666757,1.0,,0.0,1.0,0.0,0,train
45,161.2,52.4,2.739536196,15.0,,1.0,0.0,0.0,1,test
44,178.1,74.0,2.684212695,1.0,,0.0,1.0,0.0,1,train
44,165.9,50.0,2.731229282,3.0,,1.0,1.0,0.0,0,train
45,165.5,53.6,2.700995417,22.0,,1.0,1.0,0.0,0,train
34,166.5,57.6,2.723986221,6.0,,1.0,0.0,1.0,1,test
24,166.0,61.2,2.679771994,999.0,,0.0,0.0,1.0,0,train
25,177.8,70.4,2.729208991,12.0,,0.0,0.0,1.0,0,train
22,173.5,87.6,2.674920284,1.0,,0.0,0.0,1.0,0,train
38,177.0,82.6,2.688754892,999.0,,0.0,0.0,1.0,0,train
19,162.3,54.6,2.716576256,1.0,,1.0,0.0,0.0,1,test
20,177.4,73.0,2.690733192,4.0,,0.0,0.0,1.0,0,train
30,181.5,65.6,2.694102762,10.0,,1.0,0.0,1.0,0,train
39,176.9,74.6,2.696497342,13.0,,0.0,0.0,0.0,0,train
21,157.1,54.4,2.695989865,999.0,,1.0,0.0,1.0,0,train
46,153.8,61.6,2.677753541,999.0,,1.0,0.0,1.0,0,test
22,175.3,62.2,2.684639546,999.0,,1.0,0.0,1.0,0,train
43,176.7,65.6,2.721431578,999.0,,1.0,0.0,1.0,0,test
23,173.1,62.4,2.673114357,999.0,,0.0,0.0,1.0,0,train
33,163.2,57.0,2.7088,999.0,,1.0,0.0,1.0,0,train
27,173.0,61.0,2.700768492,999.0,,1.0,0.0,1.0,0,train
48,181.1,88.0,2.69239823,10.0,,0.0,0.0,1.0,0,train
21,167.9,55.4,2.679713089,2.0,,1.0,0.0,1.0,0,test
46,179.1,85.2,2.688086135,30.0,,0.0,1.0,0.0,0,test
30,173.7,62.3,2.705980618,999.0,,1.0,0.0,1.0,0,train
43,165.7,68.9,2.67952458,999.0,,1.0,0.0,1.0,0,train
34,179.0,73.3,2.695393613,13.0,,0.0,0.0,1.0,0,test
28,159.8,54.4,2.713993541,2.0,,1.0,0.0,1.0,0,test
34,999.0,79.0,2.702729937,999.0,,0.0,0.0,1.0,0,train
30,153.6,61.7,2.699672383,999.0,,1.0,0.0,1.0,0,train
21,162.6,59.9,2.691056035,999.0,,1.0,0.0,1.0,0,train
25,164.4,53.1,2.694793974,999.0,,1.0,0.0,1.0,0,train
25,173.5,61.3,2.722723338,999.0,,1.0,0.0,1.0,0,test
23,184.7,71.2,2.694183244,999.0,,0.0,0.0,1.0,0,train
46,176.1,73.1,2.700014899,14.0,,1.0,1.0,0.0,0,train
27,173.1,66.5,2.683738323,999.0,,1.0,0.0,1.0,0,train
34,158.1,44.9,2.727575922,5.0,,1.0,0.0,1.0,0,train
23,163.1,80.1,2.729170621,999.0,,1.0,0.0,1.0,0,train
22,171.8,56.5,2.699329266,999.0,,1.0,0.0,1.0,0,train
40,180.5,75.4,2.700887858,999.0,,0.0,0.0,1.0,0,train
35,172.3,70.8,2.690730937,5.0,,1.0,0.0,0.0,0,train
28,159.2,63.3,2.686291778,3.0,,1.0,1.0,0.0,0,train
26,169.4,61.9,2.683026748,999.0,,1.0,0.0,1.0,0,train
35,168.8,63.0,2.747605573,999.0,,1.0,0.0,1.0,0,train
52,185.6,81.6,2.794737818,,,0.0,1.0,0.0,1,test
34,175.0,93.0,2.527652142,3.0,,0.0,1.0,1.0,0,train
38,185.5,93.9,2.706804736,5.0,,0.0,1.0,0.0,0,train
26,158.5,61.8,2.403250825,5.0,3.0,1.0,0.0,0.0,0,train
62,172.5,76.5,2.031266013,40.0,,0.0,1.0,1.0,0,train
41,169.0,61.6,2.703715401,1.0,,1.0,1.0,0.0,0,train
22,165.5,60.2,2.783855621,3.0,5.0,1.0,1.0,0.0,0,train
29,173.0,62.8,2.704804864,10.0,5.0,1.0,1.0,0.0,0,train
24,170.0,62.2,2.716616603,4.0,3.0,1.0,1.0,0.0,0,train
48,176.0,72.4,2.712590269,10.0,5.0,0.0,1.0,0.0,0,train
24,157.0,43.8,2.844300733,10.0,4.0,1.0,1.0,1.0,0,train
25,173.0,56.1,2.707705169,8.0,,1.0,1.0,0.0,0,train
28,174.5,75.4,2.705952898,6.0,,1.0,1.0,0.0,0,train
35,171.4,57.3,2.725615395,4.0,3.0,1.0,0.0,0.0,0,test
57,161.5,55.5,2.729345023,3.0,,1.0,1.0,0.0,0,test
24,174.5,60.5,2.721262136,10.0,,1.0,1.0,0.0,0,train
29,171.5,67.1,2.606786927,3.5,2.0,1.0,1.0,0.0,0,train
27,170.5,71.8,2.705677442,10.0,,1.0,1.0,1.0,0,test
46,169.5,55.7,2.69807489,8.0,3.0,1.0,1.0,1.0,0,test
24,172.0,71.0,2.716172978,7.0,,1.0,1.0,0.0,0,train
43,160.0,57.5,2.734386786,6.0,3.0,1.0,1.0,0.0,0,train
46,187.5,88.8,2.751905606,12.0,,1.0,0.0,1.0,0,test
43,165.0,56.0,2.719795562,2.5,4.0,1.0,1.0,0.0,0,test
48,167.5,70.8,2.727586925,6.0,3.0,1.0,1.0,0.0,0,train
64,181.0,75.5,2.726324583,35.0,3.0,0.0,1.0,1.0,0,test
64,181.0,75.5,2.7195045,,,0.0,0.0,1.0,0,test
65,181.0,75.5,2.729880219,35.0,,0.0,0.0,1.0,0,test
29,191.0,86.6,2.715614599,10.0,,0.0,1.0,0.0,0,train
58,178.0,83.0,2.713180246,4.0,3.0,0.0,1.0,0.0,0,test
39,176.0,70.2,2.718115848,3.0,6.0,0.0,1.0,0.0,0,train
39,176.0,70.2,2.827216748,3.0,,0.0,0.0,0.0,0,train
45,169.0,57.7,2.703161977,5.0,3.0,1.0,1.0,1.0,0,train
47,167.5,52.3,2.720441369,2.0,0.0,1.0,0.0,0.0,0,train
50,166.0,53.4,2.704767254,35.0,,1.0,1.0,1.0,0,train
37,164.5,77.4,2.715731109,1.0,0.0,1.0,1.0,0.0,0,test
41,170.4,89.9,2.72385962,15.0,3.0,1.0,1.0,0.0,0,test
51,174.5,62.6,2.719621564,14.0,0.0,1.0,1.0,0.0,0,train
46,162.0,59.7,2.717386403,13.0,10.0,1.0,0.0,0.0,0,train
47,162.0,59.7,2.536547705,,,1.0,0.0,1.0,0,train
47,162.0,59.7,2.623090378,13.0,,1.0,1.0,1.0,0,train
33,170.0,79.4,2.678133838,2.0,,1.0,1.0,0.0,0,train
51,184.0,108.8,2.931824731,30.0,,0.0,0.0,0.0,0,train
46,165.0,57.8,2.715030521,40.0,6.0,1.0,0.0,1.0,0,test
42,163.5,64.6,2.710832766,,,1.0,0.0,1.0,0,train
32,183.5,75.1,2.820920877,3.0,2.0,0.0,1.0,0.0,0,train
32,183.7,72.3,3.369766548,4.0,4.0,0.0,1.0,0.0,1,train
27,177.0,67.5,2.852866628,,0.0,0.0,1.0,0.0,0,test
58,180.0,97.3,2.691587353,2.5,2.0,0.0,1.0,0.0,0,train
58,180.0,97.3,2.683649951,2.5,2.0,0.0,1.0,0.0,1,train
55,175.0,91.0,2.744436057,1.5,2.0,0.0,0.0,0.0,0,test
26,163.7,64.5,2.929183819,,,1.0,1.0,0.0,0,train
40,162.1,76.5,2.239739161,6.0,5.0,1.0,1.0,0.0,0,train
60,153.5,53.7,2.405717197,8.0,2.0,1.0,1.0,1.0,0,train
43,165.6,54.6,2.717189408,15.0,5.0,1.0,1.0,0.0,0,test
33,184.0,84.6,2.968345986,10.0,,0.0,1.0,0.0,0,train
34,184.0,84.6,2.821021042,,,0.0,0.0,1.0,0,train
49,186.5,83.0,2.704727375,1.5,5.0,0.0,1.0,0.0,0,train
39,167.0,73.9,2.4817063,25.0,0.0,0.0,0.0,0.0,0,train
41,160.0,62.1,2.031854258,10.0,2.0,1.0,1.0,0.0,0,test
59,161.0,51.6,2.644500988,17.0,,1.0,1.0,0.0,0,train
23,163.0,59.8,2.675662572,2.0,,1.0,1.0,0.0,0,test
23,163.0,59.8,2.779729143,,,1.0,0.0,1.0,0,test
23,163.0,59.8,2.70654286,,,1.0,0.0,1.0,0,test
52,175.0,66.1,2.714209994,35.0,4.0,0.0,1.0,1.0,0,train
53,175.0,66.1,2.712229017,35.0,,0.0,0.0,1.0,0,train
49,183.5,79.2,2.843873123,11.0,2.0,0.0,0.0,1.0,0,train
29,171.0,65.8,2.924397225,15.0,,0.0,1.0,0.0,0,train
29,171.0,65.8,2.72255936,15.0,,0.0,0.0,1.0,0,train
35,161.0,57.1,2.253009826,4.0,,1.0,1.0,0.0,0,train
60,156.0,54.4,2.537257711,1.0,,1.0,1.0,0.0,0,train
52,186.0,85.0,3.139850146,25.0,,0.0,0.0,1.0,0,train
48,170.0,58.7,2.705789626,20.0,,1.0,1.0,0.0,0,train
34,176.5,64.0,2.692426328,9.0,20.0,1.0,1.0,0.0,0,test
29,159.0,60.2,2.693019755,15.0,,1.0,1.0,0.0,0,train
37,169.0,95.0,2.200815326,1.0,,1.0,0.0,0.0,0,train
32,170.0,59.9,2.740827933,6.0,,1.0,1.0,0.0,0,train
54,182.0,93.5,2.725638153,25.0,,0.0,0.0,0.0,0,train
28,165.5,73.5,2.325961744,4.0,,1.0,0.0,0.0,0,train
54,167.5,82.8,2.547600004,3.0,,1.0,1.0,0.0,0,train
46,180.0,108.9,2.672399033,11.0,,0.0,0.0,1.0,0,train
23,172.0,70.6,2.676218292,,,1.0,,,0,train
18,155.9,53.8,2.499528418,6.0,,1.0,1.0,0.0,0,train
20,157.9,52.1,2.707907678,12.0,,1.0,1.0,0.0,0,train
18,162.2,63.8,2.49423542,10.0,,1.0,1.0,1.0,0,train
18,158.8,52.4,2.500064165,6.0,,1.0,1.0,0.0,0,train
20,171.1,72.7,2.49095941,7.0,,1.0,0.0,0.0,0,train
18,165.0,65.3,2.256222571,8.0,,1.0,1.0,0.0,0,test
20,152.0,54.5,2.255380254,8.0,,1.0,1.0,0.0,0,train
21,157.8,64.7,2.271968248,7.0,,1.0,1.0,0.0,0,test
18,170.5,67.6,2.310993892,13.0,,1.0,1.0,1.0,0,train
20,165.2,56.0,2.414643532,4.0,,1.0,1.0,0.0,0,train
21,166.0,64.0,2.281651006,10.0,,1.0,1.0,0.0,0,test
20,158.5,48.8,2.341812733,16.0,,1.0,1.0,0.0,0,train
18,165.8,62.4,2.489304711,13.0,,1.0,0.0,1.0,0,train
18,165.0,60.2,2.574065536,12.0,,1.0,1.0,0.0,0,train
56,157.5,59.9,2.344913883,3.0,,1.0,0.0,0.0,0,train
38,169.3,80.7,2.070186928,20.0,,1.0,1.0,0.0,0,train
54,158.2,60.2,2.266082919,10.0,,1.0,1.0,0.0,0,train
54,173.6,84.2,2.251495102,30.0,,1.0,0.0,0.0,0,train
43,165.0,57.3,2.278154387,,,1.0,1.0,0.0,0,train
31,181.0,81.6,2.71887239,,5.0,0.0,1.0,1.0,0,test
66,169.1,72.0,2.482889017,15.0,,0.0,0.0,1.0,0,train
56,157.0,69.9,1.928622427,3.0,,1.0,1.0,0.0,0,train
55,182.0,75.2,2.505472617,,,0.0,1.0,0.0,0,train
56,186.1,93.1,2.494803389,4.0,,0.0,0.0,0.0,0,train
65,0.0,0.0,1.632804932,10.0,,1.0,0.0,0.0,0,train
46,163.4,68.1,2.263517049,2.0,,1.0,1.0,0.0,0,train
44,167.0,64.9,2.312430171,2.0,,1.0,1.0,0.0,0,train
48,177.0,75.9,2.680958302,8.0,2.0,0.0,1.0,1.0,0,test
47,153.8,64.0,2.416991895,2.0,,1.0,1.0,0.0,0,test
48,175.0,68.8,2.489415682,,,1.0,1.0,0.0,0,test
49,165.9,52.8,2.484915771,3.0,,1.0,1.0,0.0,0,train
58,165.0,79.8,1.817316509,22.0,,1.0,1.0,0.0,0,train
31,172.0,96.3,2.22928742,20.0,,1.0,1.0,0.0,0,train
62,150.0,57.9,1.618794944,25.0,,1.0,1.0,0.0,0,test
49,156.0,55.1,2.208900581,1.0,,1.0,1.0,0.0,0,train
31,178.0,86.0,2.714143166,2.0,,1.0,1.0,0.0,0,test
48,166.5,90.8,1.836702237,12.0,,1.0,1.0,0.0,0,train
71,177.8,81.5,1.172047816,,3.0,0.0,0.0,0.0,0,train
49,120.0,74.1,2.277330933,3.0,2.0,1.0,1.0,1.0,0,train
50,169.0,69.4,2.219000476,20.0,,1.0,1.0,0.0,0,train
57,164.4,72.4,2.125723061,12.0,,1.0,1.0,0.0,0,test
50,161.1,63.6,2.336604259,10.0,,1.0,1.0,0.0,0,train
37,175.1,79.1,2.352645176,4.0,,0.0,1.0,0.0,0,train
22,165.0,59.0,3.182096939,,,1.0,,,0,train
22,165.0,59.0,3.377885583,,,1.0,,,0,train
22,165.0,59.0,2.774316718,,,1.0,,,0,train
19,170.0,54.4,3.157813787,,,1.0,,,0,train
19,170.0,54.4,3.360407483,,,1.0,,,0,train
19,170.0,54.4,2.741245293,,,1.0,,,0,train
50,152.0,45.8,3.240207948,,,1.0,,,0,train
50,152.0,45.8,2.787007868,,,1.0,,,0,train
50,152.0,45.8,3.415243473,,,1.0,,,0,train
24,175.0,62.0,3.158879165,,,0.0,,,0,train
24,175.0,62.0,3.368277647,,,0.0,,,0,train
24,175.0,62.0,2.74936821,,,0.0,,,0,train
20,162.0,67.8,3.188725299,,,1.0,,,0,train
20,162.0,67.8,2.771624474,,,1.0,,,0,train
20,162.0,67.8,3.363766201,,,1.0,,,0,train
33,180.0,78.5,2.748762327,,,0.0,,,0,train
33,180.0,78.47,3.163878204,,,0.0,,,0,train
33,180.0,78.47,3.373992952,,,0.0,,,0,train
31,175.0,74.84,3.139171842,,,0.0,,,0,test
31,175.0,74.8,2.729010478,,,0.0,,,0,test
31,175.0,74.84,3.346658563,,,0.0,,,0,test
27,171.0,67.13,3.341503002,,,1.0,,,0,train
27,171.0,67.1,2.730481748,,,1.0,,,0,train
27,171.0,67.13,3.136483095,,,1.0,,,0,train
25,175.0,59.0,2.750303285,,,0.0,,,0,train
25,175.0,58.97,3.365181922,,,0.0,,,0,train
25,175.0,58.97,3.158976677,,,0.0,,,0,train
23,183.0,86.2,2.737680568,,,0.0,,,0,train
23,183.0,86.18,3.352308945,,,0.0,,,0,train
23,183.0,86.18,3.142189958,,,0.0,,,0,train
49,168.0,69.85,3.169090215,,,1.0,,,0,train
49,168.0,69.9,2.767783732,,,1.0,,,0,train
49,168.0,69.85,3.351417887,,,1.0,,,0,train
31,165.0,54.43,3.33877062,,,1.0,,,0,train
31,165.0,54.43,3.131810081,,,1.0,,,0,train
31,165.0,54.4,2.720223534,,,1.0,,,0,train
30,180.0,81.7,2.727612082,,,0.0,,,0,train
30,180.0,81.65,3.348114942,,,0.0,,,0,train
30,180.0,81.65,3.135942478,,,0.0,,,0,train
20,163.0,54.43,3.140279648,,,1.0,,,0,train
20,163.0,54.43,3.343903819,,,1.0,,,0,train
20,163.0,54.4,2.745763411,,,1.0,,,0,train
27,160.0,56.7,3.209680753,,,1.0,,,0,train
27,160.0,56.7,2.772823266,,,1.0,,,0,train
27,160.0,56.7,3.421864326,,,1.0,,,0,train
30,169.0,75.0,3.383154627,,,0.0,,,0,test
30,169.0,75.0,3.180425493,,,0.0,,,0,test
30,169.0,75.0,2.76680058,,,0.0,,,0,test
22,175.0,76.0,3.149521845,,,0.0,,,0,train
22,175.0,76.0,3.351378232,,,0.0,,,0,train
22,175.0,76.0,2.740293107,,,0.0,,,0,train
25,179.0,65.0,2.972435607,9.0,8.0,0.0,1.0,1.0,0,train
25,179.0,65.0,4.177662281,9.0,8.0,0.0,1.0,1.0,0,train
28,171.0,64.0,4.154844635,5.0,8.0,0.0,1.0,1.0,1,train
18,194.0,87.0,2.896736519,14.0,,0.0,0.0,1.0,1,train
18,194.0,87.0,3.639822275,14.0,,0.0,0.0,1.0,1,train
18,194.0,87.0,4.095770555,14.0,,0.0,0.0,1.0,1,train
36,172.0,59.0,2.630195045,8.0,6.0,1.0,1.0,1.0,1,test
36,160.0,49.0,2.899780473,3.0,1.0,1.0,1.0,0.0,1,train
36,160.0,49.0,2.897360841,3.0,1.0,1.0,1.0,0.0,1,train
36,160.0,49.0,2.889160533,3.0,1.0,1.0,1.0,0.0,1,train
36,160.0,49.0,2.891768891,3.0,1.0,1.0,1.0,0.0,1,train
36,160.0,49.0,2.84518599,3.0,1.0,1.0,1.0,0.0,1,train
23,189.0,67.0,2.922371798,9.0,8.0,0.0,1.0,1.0,1,test
23,189.0,67.0,4.142004796,9.0,8.0,0.0,1.0,1.0,1,test
24,189.0,70.0,2.933239452,14.0,5.0,0.0,1.0,1.0,1,test
24,189.0,70.0,4.125333415,14.0,5.0,0.0,1.0,1.0,1,test
24,189.0,70.0,2.942047836,14.0,5.0,0.0,1.0,1.0,1,test
24,189.0,70.0,4.128241593,14.0,5.0,0.0,1.0,1.0,1,test
24,189.0,70.0,2.940318953,14.0,5.0,0.0,1.0,1.0,1,test
24,189.0,70.0,2.934837369,14.0,5.0,0.0,1.0,1.0,1,test
19,172.0,56.0,2.94463526,11.0,10.0,0.0,1.0,1.0,1,train
19,172.0,56.0,4.208644382,11.0,10.0,0.0,1.0,1.0,1,train
19,172.0,56.0,4.250259834,11.0,10.0,0.0,1.0,1.0,1,train
19,172.0,56.0,4.162751378,11.0,10.0,0.0,1.0,1.0,1,train
49,181.0,90.0,2.871938907,24.0,4.0,0.0,1.0,0.0,1,test
31,169.0,59.0,2.91339754,3.0,8.0,1.0,1.0,1.0,0,train
31,169.0,59.0,2.88147249,3.0,8.0,1.0,1.0,0.0,0,train
31,169.0,59.0,2.907663572,3.0,8.0,1.0,1.0,0.0,0,train
45,172.0,80.0,2.884435582,2.0,,0.0,1.0,0.0,1,train
33,184.0,78.0,2.941651622,9.0,4.0,0.0,1.0,1.0,1,train
33,184.0,78.0,3.707758462,9.0,4.0,0.0,1.0,1.0,1,train
33,184.0,78.0,3.712457127,9.0,4.0,0.0,1.0,1.0,1,train
41,172.0,62.0,2.887468618,2.0,2.0,0.0,1.0,0.0,1,train
41,172.0,62.0,2.933219705,2.0,2.0,0.0,1.0,0.0,1,train
37,170.0,65.0,2.95644258,6.0,2.0,0.0,1.0,1.0,1,train
37,170.0,65.0,3.738767429,6.0,2.0,0.0,1.0,1.0,1,train
37,170.0,65.0,3.771304103,6.0,2.0,0.0,1.0,1.0,1,train
26,164.0,47.0,3.124825659,19.0,10.0,1.0,1.0,1.0,0,train
26,164.0,47.0,3.852247247,19.0,10.0,1.0,1.0,1.0,0,train
26,164.0,47.0,3.868754563,19.0,10.0,1.0,1.0,1.0,0,train
33,187.0,94.0,2.867540793,14.0,5.0,0.0,1.0,1.0,1,train
33,187.0,94.0,3.605044684,14.0,5.0,0.0,1.0,1.0,1,train
63,153.0,54.0,2.925713314,46.0,0.0,1.0,1.0,0.0,1,train
63,153.0,54.0,2.895065179,46.0,0.0,1.0,1.0,0.0,1,train
63,153.0,54.0,2.89837455,46.0,0.0,1.0,1.0,0.0,1,train
63,153.0,54.0,3.679948449,46.0,0.0,1.0,1.0,0.0,1,train
63,153.0,54.0,3.675750193,46.0,0.0,1.0,1.0,0.0,1,train
42,170.0,64.0,2.899910226,9.0,2.0,1.0,1.0,0.0,1,train
38,162.0,53.0,2.890191153,2.0,5.0,1.0,1.0,0.0,1,test
29,171.0,72.0,2.87688913,2.0,8.0,0.0,0.0,1.0,0,train
33,163.0,88.0,2.887349132,4.0,8.0,1.0,1.0,0.0,0,train
49,170.0,65.0,2.918551831,39.0,2.0,1.0,1.0,0.0,1,train
49,170.0,65.0,2.912398328,39.0,2.0,1.0,1.0,0.0,1,train
40,179.0,80.0,2.921735619,13.0,,0.0,1.0,0.0,1,train
36,180.0,95.0,2.885125772,28.0,3.0,0.0,1.0,1.0,1,train
34,170.0,55.0,2.983282964,15.0,5.0,1.0,1.0,1.0,1,test
34,170.0,55.0,3.0207162,15.0,5.0,1.0,1.0,1.0,1,test
36,181.0,74.0,2.887550631,5.0,5.0,0.0,1.0,1.0,1,train
36,181.0,74.0,2.901123296,5.0,5.0,0.0,1.0,1.0,1,train
19,170.0,68.0,2.900840802,14.0,1.0,0.0,1.0,1.0,1,train
51,175.0,78.0,2.858581525,19.0,1.0,0.0,1.0,0.0,0,train
27,168.0,51.0,2.923721685,6.0,5.0,1.0,0.0,0.0,1,train
27,168.0,51.0,2.96115458,6.0,5.0,1.0,0.0,0.0,1,train
51,175.0,78.0,2.859958634,19.0,1.0,0.0,1.0,0.0,0,train
34,171.0,71.0,2.883436335,17.0,1.0,1.0,1.0,0.0,1,test
44,180.0,66.0,2.956203756,27.0,1.0,0.0,0.0,0.0,1,train
44,180.0,66.0,3.72847297,27.0,1.0,0.0,0.0,0.0,1,train
44,180.0,66.0,2.962951048,27.0,1.0,0.0,0.0,0.0,1,train
34,194.0,88.0,2.959999138,2.0,2.0,0.0,1.0,0.0,1,train
34,194.0,88.0,2.966815444,2.0,2.0,0.0,1.0,0.0,1,train
35,194.0,88.0,2.997382404,2.0,2.0,0.0,1.0,0.0,1,train
35,194.0,88.0,3.433167201,2.0,2.0,0.0,1.0,0.0,1,train
35,194.0,88.0,2.995676342,2.0,2.0,0.0,1.0,0.0,1,train
35,194.0,88.0,3.488692684,2.0,2.0,0.0,1.0,0.0,1,train
35,194.0,88.0,3.035001043,2.0,2.0,0.0,1.0,0.0,0,train
35,194.0,88.0,3.446787354,2.0,2.0,0.0,1.0,0.0,0,train
35,194.0,88.0,2.987223854,2.0,2.0,0.0,1.0,0.0,0,train
35,194.0,88.0,3.416386001,2.0,2.0,0.0,1.0,0.0,0,train
19,173.0,53.0,2.917415834,13.0,10.0,1.0,1.0,1.0,1,train
19,173.0,53.0,2.949781263,13.0,10.0,1.0,1.0,1.0,1,train
19,173.0,53.0,2.956170388,13.0,10.0,1.0,1.0,1.0,1,train
27,175.0,55.0,2.844919989,14.0,2.0,1.0,1.0,0.0,0,train
44,189.0,95.0,2.868202433,2.0,1.0,0.0,1.0,0.0,1,test
45,174.0,72.0,3.020165781,5.0,3.0,0.0,1.0,0.0,0,test
45,174.0,72.0,3.460680004,5.0,3.0,0.0,1.0,0.0,0,test
25,165.0,46.0,2.926152022,2.0,8.0,1.0,1.0,1.0,1,train
25,165.0,46.0,3.70829487,2.0,8.0,1.0,1.0,1.0,1,train
34,170.0,68.0,2.904997038,7.0,3.0,0.0,1.0,0.0,1,test
48,175.0,117.0,2.897678992,28.0,4.0,0.0,1.0,0.0,1,test
48,175.0,117.0,2.900932962,28.0,4.0,0.0,1.0,0.0,1,test
48,175.0,117.0,2.884372961,28.0,4.0,0.0,1.0,0.0,1,test
59,163.0,65.0,2.890640336,8.0,14.0,1.0,1.0,1.0,1,train
24,190.0,70.0,3.128817794,18.0,10.0,0.0,0.0,1.0,0,train
31,179.0,70.0,2.902991179,3.0,3.0,0.0,1.0,0.0,0,train
31,179.0,70.0,3.653443006,3.0,3.0,0.0,1.0,0.0,0,train
31,179.0,70.0,3.65585439,3.0,3.0,0.0,1.0,0.0,0,train
26,180.0,80.0,2.882251809,20.0,1.0,0.0,1.0,1.0,1,test
38,173.0,63.0,2.879111986,20.0,1.0,1.0,1.0,0.0,1,train
37,182.0,76.0,2.905186507,3.0,4.0,0.0,1.0,0.0,1,train
37,182.0,76.0,3.64293751,3.0,4.0,0.0,1.0,0.0,1,train
47,179.0,92.0,3.091075095,3.0,10.0,1.0,1.0,0.0,1,train
47,179.0,92.0,3.080663312,3.0,10.0,1.0,1.0,0.0,1,train
22,169.0,51.0,2.966682779,10.0,15.0,1.0,1.0,1.0,1,train
22,169.0,51.0,4.13703993,10.0,15.0,1.0,1.0,1.0,1,train
22,169.0,51.0,4.161975967,10.0,15.0,1.0,1.0,1.0,1,train
22,169.0,51.0,4.151242245,10.0,15.0,1.0,1.0,1.0,1,train
18,179.0,69.0,2.908865024,9.0,10.0,0.0,0.0,1.0,0,train
18,179.0,69.0,4.115855857,9.0,10.0,0.0,0.0,1.0,0,train
39,160.0,58.0,2.957984762,3.0,10.0,1.0,0.0,1.0,1,test
39,160.0,58.0,3.701760332,3.0,10.0,1.0,0.0,1.0,1,test
39,160.0,58.0,3.737881558,3.0,10.0,1.0,0.0,1.0,1,test
39,160.0,58.0,3.749053759,3.0,10.0,1.0,0.0,1.0,1,test
53,165.0,58.0,3.012320698,4.0,,1.0,0.0,1.0,1,train
53,165.0,58.0,4.243732441,4.0,,1.0,0.0,1.0,1,train
53,165.0,58.0,4.233411822,4.0,,1.0,0.0,1.0,1,train
18,180.0,70.0,2.953822808,7.0,,0.0,1.0,1.0,0,train
18,180.0,70.0,4.158559755,7.0,,0.0,1.0,1.0,0,train
18,180.0,70.0,4.157138451,7.0,,0.0,1.0,1.0,0,train
18,180.0,70.0,4.164490657,7.0,,0.0,1.0,1.0,0,train
35,167.0,92.0,2.881058477,7.0,,1.0,1.0,0.0,1,test
29,189.0,80.0,2.899087735,2.0,,0.0,1.0,0.0,1,train
29,189.0,80.0,3.465039642,2.0,,0.0,1.0,0.0,1,train
18,195.0,86.0,4.088738045,14.0,,0.0,1.0,1.0,0,test
18,195.0,86.0,3.592767722,14.0,,0.0,1.0,1.0,0,test
18,195.0,86.0,4.063582336,14.0,,0.0,1.0,1.0,0,test
32,167.0,70.0,2.946494551,12.0,,1.0,1.0,0.0,1,train
32,167.0,70.0,2.840409218,12.0,,1.0,1.0,0.0,1,train
21,182.0,74.0,2.929682235,6.0,1.0,0.0,1.0,1.0,1,train
21,182.0,74.0,3.350896639,6.0,1.0,0.0,1.0,1.0,1,train
44,187.0,92.0,2.87535749,2.0,,0.0,1.0,0.0,0,train
44,187.0,92.0,3.562920333,2.0,,0.0,1.0,0.0,0,train
44,187.0,92.0,3.563410458,2.0,,0.0,1.0,0.0,0,train
31,180.0,70.0,2.917107858,19.0,20.0,0.0,0.0,1.0,1,train
31,180.0,70.0,3.702104045,19.0,20.0,0.0,0.0,1.0,1,train
63,167.0,55.0,2.106075284,10.0,,1.0,1.0,0.0,1,train
38,182.0,83.0,2.866994393,24.0,1.0,0.0,0.0,0.0,0,train
38,182.0,83.0,3.284076484,24.0,1.0,0.0,0.0,0.0,0,train
25,165.0,63.0,2.950887597,6.0,20.0,1.0,0.0,1.0,0,train
61,167.0,64.0,2.98373622,37.0,6.0,0.0,1.0,0.0,1,test
61,167.0,64.0,2.962716829,37.0,6.0,0.0,1.0,0.0,1,test
44,182.0,99.0,2.875078182,2.0,1.0,0.0,1.0,0.0,0,train
54,163.0,49.0,2.968097727,29.0,10.0,1.0,0.0,1.0,1,train
54,163.0,49.0,3.398469441,29.0,10.0,1.0,0.0,1.0,1,train
54,163.0,49.0,2.990242828,29.0,10.0,1.0,0.0,1.0,1,train
47,174.0,73.0,2.896954113,5.0,5.0,0.0,1.0,1.0,1,test
47,174.0,73.0,3.678064507,5.0,5.0,0.0,1.0,1.0,1,test
34,173.0,84.0,2.875447449,4.0,2.0,0.0,1.0,1.0,0,train
34,173.0,84.0,3.279125373,4.0,2.0,0.0,1.0,1.0,0,train
34,173.0,84.0,2.874000154,4.0,2.0,0.0,1.0,1.0,0,train
34,173.0,84.0,3.277756807,4.0,2.0,0.0,1.0,1.0,0,train
37,178.0,77.0,2.896631985,,,0.0,1.0,0.0,1,train
37,178.0,77.0,2.892388587,,,0.0,1.0,0.0,1,train
26,178.0,67.0,2.929817488,3.0,8.0,0.0,1.0,1.0,1,train
26,178.0,67.0,2.926807609,3.0,8.0,0.0,1.0,1.0,1,train
26,178.0,67.0,2.916983272,3.0,8.0,0.0,1.0,1.0,1,train
26,178.0,67.0,2.929871757,3.0,8.0,0.0,1.0,1.0,1,train
28,178.0,76.0,2.906607413,13.0,10.0,0.0,1.0,1.0,1,train
28,178.0,76.0,4.136340512,13.0,10.0,0.0,1.0,1.0,1,train
28,178.0,76.0,4.135718625,13.0,10.0,0.0,1.0,1.0,1,train
28,178.0,76.0,4.129158801,13.0,10.0,0.0,1.0,1.0,1,train
28,178.0,76.0,4.126098217,13.0,10.0,0.0,1.0,1.0,1,train
42,172.0,70.0,2.978474453,4.0,10.0,0.0,1.0,1.0,1,train
42,172.0,70.0,3.006789821,4.0,10.0,0.0,1.0,1.0,1,train
53,170.0,76.0,2.877012508,24.0,2.0,0.0,1.0,1.0,1,train
53,186.0,80.0,2.928118211,34.0,2.0,0.0,1.0,0.0,1,test
53,186.0,80.0,2.90078242,34.0,2.0,0.0,1.0,0.0,1,test
18,191.0,89.0,2.900794456,8.0,,0.0,0.0,0.0,1,train
18,191.0,89.0,2.876424959,8.0,,0.0,0.0,0.0,1,train
34,168.0,50.0,2.938405641,2.0,2.0,1.0,1.0,0.0,1,train
34,168.0,50.0,2.934020801,2.0,2.0,1.0,1.0,0.0,1,train
48,178.0,125.0,2.925508492,,,0.0,1.0,0.0,1,train
48,178.0,125.0,2.92779135,,,0.0,1.0,0.0,1,train
47,180.0,72.0,2.881435187,2.0,1.0,0.0,1.0,0.0,1,train
51,181.0,66.0,2.964268096,7.0,10.0,1.0,1.0,1.0,0,test
51,181.0,66.0,3.737866798,7.0,10.0,1.0,1.0,1.0,0,test
51,181.0,66.0,3.738976517,7.0,10.0,1.0,1.0,1.0,0,test
54,181.0,78.0,2.902536175,54.0,2.0,0.0,0.0,0.0,0,train
54,181.0,78.0,2.899611809,54.0,2.0,0.0,0.0,0.0,0,train
54,181.0,78.0,3.312397687,54.0,2.0,0.0,0.0,0.0,0,train
29,178.0,70.0,2.914865419,7.0,4.0,0.0,1.0,0.0,1,train
24,177.0,77.0,2.978813374,6.0,10.0,0.0,1.0,1.0,1,test
24,177.0,77.0,3.536393348,6.0,10.0,0.0,1.0,1.0,1,test
24,177.0,77.0,3.527089906,6.0,10.0,0.0,1.0,1.0,1,test
24,177.0,77.0,3.50893058,6.0,10.0,0.0,1.0,1.0,1,test
24,177.0,77.0,3.534934362,6.0,10.0,0.0,1.0,1.0,1,test
22,173.0,58.0,2.991363706,9.0,12.0,1.0,1.0,1.0,1,train
22,173.0,58.0,3.015508403,9.0,12.0,1.0,1.0,1.0,1,train
22,173.0,58.0,3.007825015,9.0,12.0,1.0,1.0,1.0,1,train
38,163.0,60.0,2.930190392,4.0,1.0,0.0,1.0,0.0,1,train
38,163.0,60.0,3.685176321,4.0,1.0,0.0,1.0,0.0,1,train
38,163.0,60.0,4.161123922,4.0,1.0,0.0,1.0,0.0,1,train
38,163.0,60.0,3.65127752,4.0,1.0,0.0,1.0,0.0,1,train
22,183.0,81.0,2.879945259,4.0,5.0,0.0,1.0,1.0,1,train
22,183.0,81.0,3.629703607,4.0,5.0,0.0,1.0,1.0,1,train
19,172.0,65.0,2.881668799,10.0,,1.0,1.0,0.0,1,train
34,174.0,70.0,2.95373372,6.0,8.0,0.0,1.0,1.0,1,test
34,174.0,70.0,2.950951307,6.0,8.0,0.0,1.0,1.0,1,test
34,174.0,70.0,3.713971539,6.0,8.0,0.0,1.0,1.0,1,test
34,174.0,70.0,3.707873959,6.0,8.0,0.0,1.0,1.0,1,test
34,174.0,70.0,3.710760181,6.0,8.0,0.0,1.0,1.0,1,test
34,174.0,70.0,3.705337308,6.0,8.0,0.0,1.0,1.0,1,test
34,174.0,70.0,3.704969938,6.0,8.0,0.0,1.0,1.0,1,test
38,173.0,105.0,2.812668504,2.0,4.0,1.0,1.0,0.0,1,train
33,186.0,80.0,2.89496592,20.0,22.0,0.0,1.0,1.0,1,train
33,186.0,80.0,3.633895857,20.0,22.0,0.0,1.0,1.0,1,train
33,186.0,80.0,3.636556816,20.0,22.0,0.0,1.0,1.0,1,train
27,175.0,57.0,3.013791345,5.0,,1.0,1.0,0.0,1,train
27,175.0,57.0,3.017368023,5.0,,1.0,1.0,0.0,1,train
27,175.0,57.0,3.013510259,5.0,,1.0,1.0,0.0,1,train
27,175.0,57.0,3.020283202,5.0,,1.0,1.0,0.0,1,train
27,175.0,57.0,3.786575889,5.0,,1.0,1.0,0.0,1,train
27,175.0,57.0,3.776567249,5.0,,1.0,1.0,0.0,1,train
44,176.0,80.0,2.91481144,29.0,5.0,0.0,1.0,1.0,1,train
44,176.0,80.0,3.317111059,29.0,5.0,0.0,1.0,1.0,1,train
44,176.0,80.0,3.319173939,29.0,5.0,0.0,1.0,1.0,1,train
44,176.0,80.0,3.329824751,29.0,5.0,0.0,1.0,1.0,1,train
44,176.0,80.0,2.90932753,29.0,5.0,0.0,1.0,1.0,1,train
44,176.0,80.0,3.312994957,29.0,5.0,0.0,1.0,1.0,1,train
43,160.0,52.6,3.257279791,3.0,10.0,1.0,1.0,1.0,1,train
43,160.0,52.6,3.288222373,3.0,10.0,1.0,1.0,1.0,1,train
26,160.0,90.0,2.220937851,8.0,,1.0,1.0,0.0,1,train
26,160.0,90.0,2.493309585,8.0,,1.0,1.0,0.0,1,train
43,166.0,67.0,2.911051803,9.0,7.0,1.0,1.0,1.0,1,train
43,166.0,67.0,2.77073525,9.0,7.0,1.0,1.0,1.0,1,train
43,166.0,67.0,2.749257301,9.0,7.0,1.0,1.0,1.0,1,train
43,166.0,67.0,2.767530977,9.0,7.0,1.0,1.0,1.0,1,train
38,172.0,73.0,2.89869204,20.0,5.0,0.0,1.0,0.0,1,test
38,172.0,73.0,3.664509415,20.0,5.0,0.0,1.0,0.0,1,test
39,172.0,72.0,2.840805998,5.0,2.0,1.0,1.0,1.0,0,train
39,172.0,72.0,3.251367718,5.0,2.0,1.0,1.0,1.0,0,train
39,172.0,72.0,2.842336139,5.0,2.0,1.0,1.0,1.0,0,train
39,172.0,72.0,2.833638535,5.0,2.0,1.0,1.0,1.0,0,train
39,172.0,72.0,2.845186317,5.0,2.0,1.0,1.0,1.0,0,train
35,190.0,93.0,2.858538221,10.0,3.0,0.0,1.0,0.0,0,train
35,190.0,93.0,2.861140153,10.0,3.0,0.0,1.0,0.0,0,train
41,167.0,74.0,2.888910297,2.0,,1.0,1.0,0.0,1,train
41,167.0,74.0,2.87877552,2.0,,1.0,1.0,0.0,1,train
34,177.0,84.0,2.870705749,10.0,3.0,0.0,0.0,0.0,0,train
34,177.0,84.0,2.854501163,10.0,3.0,0.0,0.0,0.0,0,train
34,177.0,84.0,3.280235688,10.0,3.0,0.0,0.0,0.0,0,train
34,177.0,84.0,3.628205337,10.0,3.0,0.0,0.0,0.0,0,train
31,187.0,80.0,2.915793259,5.0,1.0,0.0,1.0,0.0,1,test
37,163.0,48.0,2.950751011,5.0,5.0,1.0,1.0,1.0,1,train
37,163.0,48.0,3.715528521,5.0,5.0,1.0,1.0,1.0,1,train
37,163.0,48.0,2.925582482,5.0,5.0,1.0,1.0,1.0,1,train
37,163.0,48.0,3.707184425,5.0,5.0,1.0,1.0,1.0,1,train
37,163.0,48.0,2.925372172,5.0,5.0,1.0,1.0,1.0,1,train
37,163.0,48.0,3.714561357,5.0,5.0,1.0,1.0,1.0,1,train
33,186.0,90.0,2.896902542,19.0,,0.0,1.0,0.0,0,test
33,186.0,90.0,2.902896244,19.0,,0.0,1.0,0.0,0,test
42,192.0,93.0,2.925454088,5.0,5.0,0.0,1.0,0.0,1,train
42,192.0,93.0,3.659127174,5.0,5.0,0.0,1.0,0.0,1,train
42,192.0,93.0,4.124784903,5.0,5.0,0.0,1.0,0.0,1,train
26,162.0,54.0,2.787012519,9.0,,1.0,1.0,0.0,1,train
26,162.0,54.0,2.770345505,9.0,,1.0,1.0,0.0,1,train
48,158.0,63.0,2.889446025,2.0,,1.0,1.0,0.0,0,train
48,158.0,63.0,2.213232817,2.0,,1.0,1.0,0.0,0,train
35,168.0,55.0,3.690614766,4.0,10.0,1.0,1.0,1.0,0,train
35,168.0,55.0,4.155672501,4.0,10.0,1.0,1.0,1.0,0,train
28,182.0,78.0,2.911468247,10.0,1.0,1.0,1.0,0.0,1,train
28,182.0,78.0,2.912040034,10.0,1.0,1.0,1.0,0.0,1,train
35,165.0,62.0,2.930521996,2.0,0.0,1.0,1.0,0.0,1,train
35,165.0,62.0,2.904928034,2.0,0.0,1.0,1.0,0.0,1,train
35,165.0,62.0,2.923147094,2.0,0.0,1.0,1.0,0.0,1,train
35,165.0,62.0,2.915756253,2.0,0.0,1.0,1.0,0.0,1,train
29,165.0,68.0,2.899818593,3.0,10.0,1.0,1.0,1.0,1,test
29,165.0,68.0,2.89677245,3.0,10.0,1.0,1.0,1.0,1,test
28,177.0,63.0,2.921185329,20.0,,1.0,1.0,1.0,1,train
28,177.0,63.0,3.689149653,20.0,,1.0,1.0,1.0,1,train
33,194.0,87.0,2.928545956,10.0,4.0,0.0,1.0,1.0,1,train
33,194.0,87.0,3.661243584,10.0,4.0,0.0,1.0,1.0,1,train
33,194.0,87.0,4.098370715,10.0,4.0,0.0,1.0,1.0,1,train
18,183.0,70.0,2.894809954,,,0.0,1.0,0.0,1,train
18,183.0,70.0,2.985131561,,,0.0,1.0,0.0,1,train
18,183.0,70.0,2.912521789,,,0.0,1.0,0.0,1,train
18,183.0,70.0,4.167626942,,,0.0,1.0,0.0,1,train
41,152.0,69.0,1.94811152,2.0,,1.0,1.0,0.0,1,train
36,183.0,80.0,2.869473245,28.0,2.0,0.0,1.0,0.0,1,train
36,183.0,80.0,2.933913739,28.0,2.0,0.0,1.0,0.0,1,train
49,190.0,72.0,2.893562481,29.0,6.0,0.0,1.0,1.0,1,test
20,166.0,60.0,2.897867826,3.0,2.0,1.0,1.0,0.0,1,test
20,166.0,60.0,2.909178027,3.0,2.0,1.0,1.0,0.0,1,test
45,165.0,77.0,2.886793781,3.0,2.0,0.0,1.0,0.0,0,train
45,165.0,77.0,3.295083524,3.0,2.0,0.0,1.0,0.0,0,train
23,165.0,50.0,2.964615251,3.0,,1.0,1.0,0.0,1,test
23,165.0,50.0,3.011501242,3.0,,1.0,1.0,0.0,1,test
23,165.0,50.0,3.022490401,3.0,,1.0,1.0,0.0,1,test
53,160.0,58.0,2.527210756,2.0,,1.0,1.0,0.0,0,train
53,160.0,58.0,2.548992401,2.0,,1.0,1.0,0.0,0,train
53,160.0,58.0,2.538300832,2.0,,1.0,1.0,0.0,0,train
53,160.0,58.0,2.516458665,2.0,,1.0,1.0,0.0,0,train
55,183.0,111.0,2.540920654,32.0,4.0,0.0,1.0,0.0,1,train
55,183.0,111.0,2.543917743,32.0,4.0,0.0,1.0,0.0,1,train
55,183.0,111.0,2.945863998,32.0,4.0,0.0,1.0,0.0,1,train
27,169.0,53.0,2.877200856,4.0,1.0,1.0,1.0,0.0,1,train
27,169.0,53.0,2.859704734,4.0,1.0,1.0,1.0,0.0,1,train
27,169.0,53.0,2.949678058,4.0,1.0,1.0,1.0,0.0,1,train
27,169.0,53.0,2.944655541,4.0,1.0,1.0,1.0,0.0,1,train
27,183.0,83.0,2.910014554,14.0,2.0,0.0,1.0,0.0,1,train
29,168.0,61.0,3.13938322,21.0,7.0,1.0,1.0,1.0,0,test
29,168.0,61.0,3.81866969,21.0,7.0,1.0,1.0,1.0,0,test
29,168.0,61.0,4.736337026,21.0,7.0,1.0,1.0,1.0,0,test
60,171.0,83.0,2.746579159,8.0,2.0,1.0,1.0,0.0,1,train
60,171.0,83.0,2.731546218,8.0,2.0,1.0,1.0,0.0,1,train
46,175.0,78.0,2.970454205,6.0,2.0,0.0,1.0,0.0,0,train
46,175.0,78.0,2.899828305,6.0,2.0,0.0,1.0,0.0,0,train
45,172.0,71.0,2.202554003,,,1.0,0.0,0.0,1,train
45,172.0,71.0,1.857495088,,,1.0,0.0,0.0,1,train
27,160.0,46.0,2.893588201,3.0,8.0,1.0,1.0,0.0,1,train
27,160.0,46.0,3.687389257,3.0,8.0,1.0,1.0,0.0,1,train
33,175.0,81.0,3.237848343,12.0,,0.0,1.0,0.0,1,train
57,180.0,76.0,2.972580634,6.0,7.0,0.0,1.0,1.0,0,train
57,180.0,76.0,3.389468382,6.0,7.0,0.0,1.0,1.0,0,train
57,180.0,76.0,3.36951607,6.0,7.0,0.0,1.0,1.0,0,train
42,180.0,90.0,2.236006897,,,0.0,1.0,0.0,1,train
38,151.0,53.0,2.91339444,20.0,1.0,1.0,0.0,0.0,1,train
38,151.0,53.0,2.90834178,20.0,1.0,1.0,0.0,0.0,1,train
38,170.0,65.0,2.953337728,7.0,2.0,0.0,1.0,1.0,1,train
38,170.0,65.0,3.705720239,7.0,2.0,0.0,1.0,1.0,1,train
38,170.0,65.0,3.735553733,7.0,2.0,0.0,1.0,1.0,1,train
52,172.0,82.0,2.948739984,10.0,4.0,0.0,1.0,0.0,1,test
42,182.0,77.0,2.99593721,29.0,2.0,0.0,1.0,0.0,1,train
42,182.0,77.0,3.045196885,29.0,2.0,0.0,1.0,0.0,1,train
42,182.0,77.0,3.02279873,29.0,2.0,0.0,1.0,0.0,1,train
18,152.0,44.0,2.909192099,5.0,,1.0,1.0,0.0,1,train
48,168.0,56.0,2.932200281,17.0,1.0,1.0,1.0,0.0,1,train
52,165.0,50.0,3.003469612,5.0,5.0,1.0,1.0,1.0,0,train
52,165.0,50.0,3.014270631,5.0,5.0,1.0,1.0,1.0,0,train
52,165.0,50.0,3.023595531,5.0,5.0,1.0,1.0,1.0,0,train
38,175.0,61.0,2.996379424,4.0,4.0,1.0,1.0,1.0,0,train
38,175.0,61.0,3.606748227,4.0,4.0,1.0,1.0,1.0,0,train
30,186.0,77.0,3.728811518,3.0,20.0,0.0,1.0,1.0,1,train
30,186.0,77.0,4.18236902,3.0,20.0,0.0,1.0,1.0,1,train
30,186.0,77.0,4.185184844,3.0,20.0,0.0,1.0,1.0,1,train
30,186.0,77.0,4.211257364,3.0,20.0,0.0,1.0,1.0,1,train
41,178.0,73.0,2.896871649,,,0.0,1.0,0.0,0,train
41,178.0,73.0,2.894784083,,,0.0,1.0,0.0,0,train
41,178.0,73.0,3.673826679,,,0.0,1.0,0.0,0,train
41,178.0,73.0,4.141883675,,,0.0,1.0,0.0,0,train
48,182.0,84.0,3.308522164,16.0,2.0,0.0,1.0,1.0,1,test
48,182.0,84.0,3.669128928,16.0,2.0,0.0,1.0,1.0,1,test
48,182.0,84.0,3.316030091,16.0,2.0,0.0,1.0,1.0,1,test
27,180.0,82.0,2.939345257,2.0,5.0,0.0,1.0,1.0,1,train
27,180.0,82.0,3.362845526,2.0,5.0,0.0,1.0,1.0,1,train
27,180.0,82.0,3.371359089,2.0,5.0,0.0,1.0,1.0,1,train
28,168.0,64.0,3.772746684,4.0,2.0,0.0,1.0,1.0,1,test
28,168.0,64.0,3.748530974,4.0,2.0,0.0,1.0,1.0,1,test
31,160.0,55.0,3.333070405,10.0,10.0,1.0,0.0,1.0,1,train
31,160.0,55.0,3.692127058,10.0,10.0,1.0,0.0,1.0,1,train
31,162.0,58.0,3.692061864,12.0,10.0,1.0,1.0,1.0,1,train
31,162.0,58.0,3.341846195,12.0,10.0,1.0,1.0,1.0,1,train
31,162.0,58.0,3.34169054,12.0,10.0,1.0,1.0,1.0,1,train
45,176.0,60.0,2.881794772,,,1.0,1.0,0.0,1,test
45,176.0,60.0,3.307336292,,,1.0,1.0,0.0,1,test
52,178.0,76.0,3.292846624,3.0,2.0,0.0,1.0,1.0,1,test
52,178.0,76.0,3.327464378,3.0,2.0,0.0,1.0,1.0,1,test
52,178.0,76.0,3.324919169,3.0,2.0,0.0,1.0,1.0,1,test
46,180.0,73.0,2.91408228,30.0,10.0,0.0,0.0,1.0,1,train
46,180.0,73.0,2.91990322,30.0,10.0,0.0,0.0,1.0,1,train
51,158.0,53.0,3.343043378,3.0,8.0,1.0,1.0,0.0,0,train
46,154.0,52.0,3.01429663,5.0,2.0,1.0,1.0,0.0,1,train
46,154.0,52.0,3.427074486,5.0,2.0,1.0,1.0,0.0,1,train
56,172.0,80.0,2.994550965,4.0,4.0,1.0,0.0,0.0,0,train
25,170.0,70.0,2.886715976,2.0,20.0,0.0,1.0,1.0,1,test
25,170.0,70.0,4.111100598,2.0,20.0,0.0,1.0,1.0,1,test
25,170.0,70.0,4.123144797,2.0,20.0,0.0,1.0,1.0,1,test
25,170.0,70.0,4.146311572,2.0,20.0,0.0,1.0,1.0,1,test
32,182.0,68.0,2.893615212,6.0,10.0,1.0,1.0,1.0,1,train
32,182.0,68.0,3.668262833,6.0,10.0,1.0,1.0,1.0,1,train
32,182.0,68.0,3.689405281,6.0,10.0,1.0,1.0,1.0,1,train
40,175.0,72.5,2.904446252,25.0,6.0,0.0,1.0,1.0,0,train
24,174.0,70.0,2.895855953,6.0,5.0,0.0,1.0,1.0,0,train
24,174.0,70.0,2.7426719,6.0,5.0,0.0,1.0,1.0,0,train
24,174.0,70.0,2.747435833,6.0,5.0,0.0,1.0,1.0,0,train
24,174.0,70.0,2.752367349,6.0,5.0,0.0,1.0,1.0,0,train
21,178.0,83.0,2.775217568,,,0.0,1.0,0.0,0,train
21,178.0,70.0,2.749065298,7.0,10.0,0.0,1.0,1.0,1,train
20,165.0,66.0,2.766202162,8.0,,1.0,0.0,0.0,0,train
20,183.5,82.3,2.733368113,6.0,,1.0,1.0,1.0,0,train
19,170.2,72.12,2.802462922,4.0,,0.0,1.0,1.0,0,train
22,162.56,61.23,2.758741258,9.0,,1.0,1.0,0.0,1,train
23,190.5,74.84,2.750950046,12.0,30.0,0.0,1.0,1.0,1,train
47,160.0,55.0,2.801013293,31.0,8.0,1.0,0.0,1.0,1,train
47,160.0,55.0,3.392849432,31.0,8.0,1.0,0.0,1.0,1,train
23,168.5,58.9,2.798176252,2.0,2.0,0.0,1.0,1.0,1,train
27,155.0,68.6,2.760790767,3.0,10.0,1.0,1.0,0.0,0,train
27,155.0,68.6,3.339871651,3.0,10.0,1.0,1.0,0.0,0,train
41,160.0,57.3,2.814306664,13.0,12.0,1.0,1.0,0.0,0,train
30,169.0,77.3,2.752111125,9.0,2.0,0.0,1.0,0.0,0,train
48,160.0,61.4,2.798511598,20.0,0.0,1.0,0.0,0.0,0,train
62,181.0,75.0,2.738652366,46.0,,0.0,1.0,0.0,0,train
62,181.0,75.0,3.327276556,46.0,,0.0,1.0,0.0,0,train
53,164.0,62.7,2.49566898,40.0,25.0,1.0,1.0,1.0,0,train
40,176.0,66.8,2.768779508,25.0,1.0,1.0,1.0,0.0,0,train
40,176.0,66.8,3.359119746,25.0,1.0,1.0,1.0,0.0,0,train
20,174.0,56.8,2.858234216,8.0,0.0,1.0,1.0,1.0,0,train
20,174.0,56.8,4.876997979,8.0,0.0,1.0,1.0,1.0,0,train
50,164.0,60.0,2.765021666,16.0,1.0,1.0,1.0,0.0,1,train
52,170.0,80.0,2.790965841,30.0,0.0,0.0,1.0,0.0,1,train
21,162.0,65.5,2.828601622,,,0.0,1.0,0.0,0,train
57,165.5,74.1,2.514918039,30.0,2.0,1.0,1.0,0.0,1,train
